NÂº;DATE;TIME;FIELD;RACE;BOX;GREY;RTG
1;2024-11-03;22:51;addington;R1;1;JINGLES DO WELL;92
2;2024-11-03;22:51;addington;R1;2;GOLDSTAR RODNEY;93
3;2024-11-03;22:51;addington;R1;3;FERRARI JEWEL;95
4;2024-11-03;22:51;addington;R1;4;HOMEBUSH CHIP;76
5;2024-11-03;22:51;addington;R1;5;LUCY THERESE;80
6;2024-11-03;22:51;addington;R1;6;OPAWA MUDGEE;84
7;2024-11-03;22:51;addington;R1;7;HOMEBUSH RUBY;83
8;2024-11-03;22:51;addington;R1;8;RUNNING ON EMPTY;100
9;2024-11-03;22:51;addington;R1;9;GOLDSTAR EVERLY;
10;2024-11-03;22:51;addington;R1;10;HOMEBUSH PENNY;
11;2024-11-03;23:07;addington;R2;1;GOLDSTAR JULES;74
12;2024-11-03;23:07;addington;R2;2;GO DREAM;100
13;2024-11-03;23:07;addington;R2;3;OLIVE TREE;96
14;2024-11-03;23:07;addington;R2;4;HOMEBUSH PEARL;83
15;2024-11-03;23:07;addington;R2;5;HOMEBUSH GREEDY;79
16;2024-11-03;23:07;addington;R2;6;GO SWEDE;86
17;2024-11-03;23:07;addington;R2;7;LITTLE BEAN;99
18;2024-11-03;23:07;addington;R2;8;PLAYFUL ADOBE;89
19;2024-11-03;23:07;addington;R2;9;GOLDSTAR EVERLY;
20;2024-11-03;23:07;addington;R2;10;HOMEBUSH PENNY;
21;2024-11-03;23:25;addington;R3;1;HOMEBUSH HEAVEN;87
22;2024-11-03;23:25;addington;R3;2;NORRISA JEWEL;100
23;2024-11-03;23:25;addington;R3;3;GO FERN;91
24;2024-11-03;23:25;addington;R3;4;GOLDSTAR GRACE;91
25;2024-11-03;23:25;addington;R3;5;HOMEBUSH HENRY;95
26;2024-11-03;23:25;addington;R3;6;HOMEBUSH LUCIANA;91
27;2024-11-03;23:25;addington;R3;7;DIAMOND NICKI;93
28;2024-11-03;23:25;addington;R3;8;SHE'S GORGEOUS;93
29;2024-11-03;23:25;addington;R3;9;GOLDSTAR EVERLY;
30;2024-11-03;23:25;addington;R3;10;PUKEKO GARRY;
31;2024-11-03;23:41;addington;R4;1;GOLDSTAR HERB;93
32;2024-11-03;23:41;addington;R4;2;HOMEBUSH JACK;90
33;2024-11-03;23:41;addington;R4;3;WENDA BALE;98
34;2024-11-03;23:41;addington;R4;4;EVENING OUT;91
35;2024-11-03;23:41;addington;R4;5;GO LARRY;92
36;2024-11-03;23:41;addington;R4;6;HOMEBUSH MILO;92
37;2024-11-03;23:41;addington;R4;7;ONE STOCKING;94
38;2024-11-03;23:41;addington;R4;8;OPAWA ZIGGY;100
39;2024-11-03;23:41;addington;R4;9;GOLDSTAR EVERLY;
40;2024-11-03;23:41;addington;R4;10;PUKEKO GARRY;
41;2024-11-03;00:06;addington;R5;1;EAGLE EYE;72
42;2024-11-03;00:06;addington;R5;2;NO CONTROL;95
43;2024-11-03;00:06;addington;R5;3;MASTER GRYLLS;73
44;2024-11-03;00:06;addington;R5;4;GO MILTON;81
45;2024-11-03;00:06;addington;R5;5;GO COHEN;82
46;2024-11-03;00:06;addington;R5;6;GO CONCORD;80
47;2024-11-03;00:06;addington;R5;7;COOL FRIENDS;100
48;2024-11-03;00:06;addington;R5;8;GOTCHA LIES;84
49;2024-11-03;00:06;addington;R5;9;GO COOPER;
50;2024-11-03;00:24;addington;R6;1;ONE MORE ROADIE;95
51;2024-11-03;00:24;addington;R6;2;AGENT SUPER;85
52;2024-11-03;00:24;addington;R6;3;XISCO BALE;100
53;2024-11-03;00:24;addington;R6;4;GOLDSTAR RITA;95
54;2024-11-03;00:24;addington;R6;5;GOLDSTAR ANNIE;96
55;2024-11-03;00:24;addington;R6;6;BY MISTAKE;69
56;2024-11-03;00:24;addington;R6;7;ADOBE EGO;77
57;2024-11-03;00:24;addington;R6;8;KNOW EXPENSE;81
58;2024-11-03;00:24;addington;R6;9;TOBY MCGILL;
59;2024-11-03;00:24;addington;R6;10;NIGHTHAWK JET;
60;2024-11-03;00:43;addington;R7;1;HOMEBUSH CHARLIE;86
61;2024-11-03;00:43;addington;R7;2;HOMEBUSH STELLA;94
62;2024-11-03;00:43;addington;R7;3;HOMEBUSH NEPO;92
63;2024-11-03;00:43;addington;R7;4;DIAMOND CHLOE;94
64;2024-11-03;00:43;addington;R7;5;GOLDSTAR MACKAY;91
65;2024-11-03;00:43;addington;R7;6;REPLICA RULER;79
66;2024-11-03;00:43;addington;R7;7;ADOBE DAZZLER;85
67;2024-11-03;00:43;addington;R7;8;BOLT;100
68;2024-11-03;00:43;addington;R7;9;OPAWA CHESTER;
69;2024-11-03;00:43;addington;R7;10;HOMEBUSH ALEC;
70;2024-11-03;00:59;addington;R8;1;MITCHAM ARLICA;99
71;2024-11-03;00:59;addington;R8;2;HOMEBUSH NELLY;87
72;2024-11-03;00:59;addington;R8;3;EPIC CHARM;93
73;2024-11-03;00:59;addington;R8;4;GRASS TRIMMER;87
74;2024-11-03;00:59;addington;R8;5;HOMEBUSH SYDNEY;88
75;2024-11-03;00:59;addington;R8;6;WILL WATCH;100
76;2024-11-03;00:59;addington;R8;7;GO FLYER;77
77;2024-11-03;00:59;addington;R8;8;EIGHT BELLS;87
78;2024-11-03;00:59;addington;R8;9;OPAWA CHESTER;
79;2024-11-03;00:59;addington;R8;10;HOMEBUSH ALEC;
80;2024-11-03;01:23;addington;R9;1;VALDERRAMA;100
81;2024-11-03;01:23;addington;R9;2;ADOBE VIDEL;82
82;2024-11-03;01:23;addington;R9;3;BOSSY ADOBE;67
83;2024-11-03;01:23;addington;R9;4;DIAMOND SCARLETT;79
84;2024-11-03;01:23;addington;R9;5;GOLDSTAR NADIA;92
85;2024-11-03;01:23;addington;R9;6;KNOW MATCH;89
86;2024-11-03;01:23;addington;R9;7;PEREZ JEWEL;71
87;2024-11-03;01:23;addington;R9;8;GO EYE;82
88;2024-11-03;01:23;addington;R9;9;TOBY MCGILL;
89;2024-11-03;01:23;addington;R9;10;GOLDSTAR WHIPPY;
90;2024-11-03;01:38;addington;R10;1;GOTCHA PROOF;95
91;2024-11-03;01:38;addington;R10;2;IMPRESSIVE TOAD;79
92;2024-11-03;01:38;addington;R10;3;GOLDSTAR BRUTE;87
93;2024-11-03;01:38;addington;R10;4;ALL POTENTIAL;100
94;2024-11-03;01:38;addington;R10;5;NORM'S FANTASY;81
95;2024-11-03;01:38;addington;R10;6;OPAWA DUCHESS;86
96;2024-11-03;01:38;addington;R10;7;HOMEBUSH ROSA;81
97;2024-11-03;01:38;addington;R10;8;HOMEBUSH PHANTOM;86
98;2024-11-03;01:38;addington;R10;9;OPAWA CHESTER;
99;2024-11-03;01:38;addington;R10;10;HOMEBUSH ALEC;
100;2024-11-03;01:56;addington;R11;1;GOLDSTAR JOBLIN;100
101;2024-11-03;01:56;addington;R11;2;ZIPPING TRACKER;72
102;2024-11-03;01:56;addington;R11;3;DIAMOND KNIGHT;81
103;2024-11-03;01:56;addington;R11;4;HOMEBUSH AMY;77
104;2024-11-03;01:56;addington;R11;5;HOMEBUSH MAX;73
105;2024-11-03;01:56;addington;R11;6;BIG TIME DONCIC;76
106;2024-11-03;01:56;addington;R11;7;OPAWA MARCELLE;66
107;2024-11-03;01:56;addington;R11;8;KATE BAXTER;72
108;2024-11-03;01:56;addington;R11;9;OPAWA PIP;
109;2024-11-03;01:56;addington;R11;10;HOMEBUSH THEO;
110;2024-11-03;02:17;addington;R12;1;HOMEBUSH ARI;100
111;2024-11-03;02:17;addington;R12;2;HOMEBUSH HARPER;94
112;2024-11-03;02:17;addington;R12;3;KNOW BRAKES;80
113;2024-11-03;02:17;addington;R12;4;REGAL BIRDIE;98
114;2024-11-03;02:17;addington;R12;5;HOMEBUSH DELIGHT;95
115;2024-11-03;02:17;addington;R12;6;DIAMOND VAPER;95
116;2024-11-03;02:17;addington;R12;7;GO PRICKLES;80
117;2024-11-03;02:17;addington;R12;8;BROKEN BONDS;95
118;2024-11-03;02:17;addington;R12;9;OPAWA PIP;
119;2024-11-03;02:17;addington;R12;10;HOMEBUSH THEO;
120;2024-11-03;02:37;addington;R13;1;MASTER LEO;100
121;2024-11-03;02:37;addington;R13;2;HOMEBUSH DOVE;83
122;2024-11-03;02:37;addington;R13;3;MERCEDES JEWEL;90
123;2024-11-03;02:37;addington;R13;4;HOMEBUSH LASS;90
124;2024-11-03;02:37;addington;R13;5;OPAWA BARB;95
125;2024-11-03;02:37;addington;R13;6;GOTCHA CHESTER;87
126;2024-11-03;02:37;addington;R13;7;DARK WOLF;80
127;2024-11-03;02:37;addington;R13;8;CAITHNESS;88
128;2024-11-03;02:37;addington;R13;9;OPAWA PIP;
129;2024-11-03;02:37;addington;R13;10;HOMEBUSH THEO;
130;2024-11-03;02:54;addington;R14;1;HOMEBUSH SHADY;97
131;2024-11-03;02:54;addington;R14;2;I'M AN ACE;97
132;2024-11-03;02:54;addington;R14;3;TELL IVY;100
133;2024-11-03;02:54;addington;R14;4;GOLDEN STRIKE;87
134;2024-11-03;02:54;addington;R14;5;KNOW GLOATING;89
135;2024-11-03;02:54;addington;R14;6;IMPRESSIVE NORA;92
136;2024-11-03;02:54;addington;R14;7;STELLA DEL SUD;91
137;2024-11-03;02:54;addington;R14;8;MITCHAM XENA;95
138;2024-11-03;02:54;addington;R14;9;OPAWA PIP;
139;2024-11-03;02:54;addington;R14;10;HOMEBUSH THEO;
140;2024-11-03;03:09;addington;R15;1;MYLEE ROCKS;100
141;2024-11-03;03:09;addington;R15;2;IMPRESSIVE NIXON;86
142;2024-11-03;03:09;addington;R15;3;RICKY ODD EYES;96
143;2024-11-03;03:09;addington;R15;4;YATRI BALE;95
144;2024-11-03;03:09;addington;R15;5;GOLDSTAR TOBY;92
145;2024-11-03;03:09;addington;R15;6;IMPRESSIVE SHOW;95
146;2024-11-03;03:09;addington;R15;7;HOMEBUSH FEIJOA;99
147;2024-11-03;03:09;addington;R15;8;RETREAD PETE;94
148;2024-11-03;03:09;addington;R15;9;OPAWA PIP;
149;2024-11-03;03:09;addington;R15;10;HOMEBUSH THEO;
150;2024-11-03;05:23;albion-park;R1;1;CHARDONNAY GIRL;66
151;2024-11-03;05:23;albion-park;R1;2;SWOOPER'S BIAS;79
152;2024-11-03;05:23;albion-park;R1;3;REDBACK JACK;100
153;2024-11-03;05:23;albion-park;R1;4;DECREED;99
154;2024-11-03;05:23;albion-park;R1;5;ANYTIME RAVEN;82
155;2024-11-03;05:23;albion-park;R1;6;BING BONUS;82
156;2024-11-03;05:23;albion-park;R1;7;ZIPPING BOGART;97
157;2024-11-03;05:23;albion-park;R1;8;OXLEY DREAM GIRL;86
158;2024-11-03;05:41;albion-park;R2;1;TRENTINO;94
159;2024-11-03;05:41;albion-park;R2;2;TAKE A SHOT;100
160;2024-11-03;05:41;albion-park;R2;3;SCORCHING DEMON;83
161;2024-11-03;05:41;albion-park;R2;4;MYSTERY OF ZAC;82
162;2024-11-03;05:41;albion-park;R2;5;LAKODA WOMBAT;72
163;2024-11-03;05:41;albion-park;R2;6;LORNETT SWIFT;94
164;2024-11-03;05:41;albion-park;R2;7;BUG ME NOT;79
165;2024-11-03;05:41;albion-park;R2;8;CHAMPAGNE MIA;77
166;2024-11-03;06:03;albion-park;R3;1;DEL GRECO;99
167;2024-11-03;06:03;albion-park;R3;2;WULKURAKA LAD;95
168;2024-11-03;06:03;albion-park;R3;3;JAGGERY;85
169;2024-11-03;06:03;albion-park;R3;4;ULTIMATE FLOYD;97
170;2024-11-03;06:03;albion-park;R3;5;BAGO SWEETIE;96
171;2024-11-03;06:03;albion-park;R3;6;AKELA KUNG FU;89
172;2024-11-03;06:03;albion-park;R3;7;AKELA LONG SHOT;100
173;2024-11-03;06:03;albion-park;R3;8;MONTELEONE;97
174;2024-11-03;06:03;albion-park;R3;9;HOWDY CYNDIE;
175;2024-11-03;06:25;albion-park;R4;1;GLENREAGH BULLET;89
176;2024-11-03;06:25;albion-park;R4;2;EBONY BAR COOL;89
177;2024-11-03;06:25;albion-park;R4;3;FANTASTIC IRIS;92
178;2024-11-03;06:25;albion-park;R4;4;MARIONVALE TIGER;79
179;2024-11-03;06:25;albion-park;R4;5;TIKI BAR;
180;2024-11-03;06:25;albion-park;R4;6;AWAY DAYS;100
181;2024-11-03;06:25;albion-park;R4;7;FAST MILKMAN;83
182;2024-11-03;06:25;albion-park;R4;8;HENRY LOCKSMITH;82
183;2024-11-03;06:25;albion-park;R4;9;AKELA NINJUTSU;80
184;2024-11-03;06:25;albion-park;R4;10;SMALL TOWN;
185;2024-11-03;06:43;albion-park;R5;1;MUSTANG HAYZE;100
186;2024-11-03;06:43;albion-park;R5;2;JUMPING JIVE;99
187;2024-11-03;06:43;albion-park;R5;3;SARAH'S GOLD;96
188;2024-11-03;06:43;albion-park;R5;4;RUSTY DEMON;98
189;2024-11-03;06:43;albion-park;R5;5;OBLIGING WARREN;86
190;2024-11-03;06:43;albion-park;R5;6;MISS DARKSIDE;85
191;2024-11-03;06:43;albion-park;R5;7;ORSON APATITE;90
192;2024-11-03;06:43;albion-park;R5;8;BIG EASY AL;97
193;2024-11-03;07:05;albion-park;R6;1;BRUNSWICK FLYER;100
194;2024-11-03;07:05;albion-park;R6;2;POWER OF WHISKEY;86
195;2024-11-03;07:05;albion-park;R6;3;IZZY NO TALK;91
196;2024-11-03;07:05;albion-park;R6;4;MR. SPRINGTIME;90
197;2024-11-03;07:05;albion-park;R6;5;SEAWAY FLYER;90
198;2024-11-03;07:05;albion-park;R6;6;ACE'S CHANCE;93
199;2024-11-03;07:05;albion-park;R6;7;JUST LOCO;84
200;2024-11-03;07:05;albion-park;R6;8;BILLIE CASH KID;
201;2024-11-03;07:05;albion-park;R6;9;LIVE STREAM;84
202;2024-11-03;07:05;albion-park;R6;10;GODDESS OF WAR;
203;2024-11-03;07:23;albion-park;R7;1;SHAZAM;100
204;2024-11-03;07:23;albion-park;R7;2;AVA'S BLUEY;85
205;2024-11-03;07:23;albion-park;R7;3;CLARETOWN SADIE;96
206;2024-11-03;07:23;albion-park;R7;4;ITCHY FEET;85
207;2024-11-03;07:23;albion-park;R7;5;ASTRO LEE;89
208;2024-11-03;07:23;albion-park;R7;6;LAST TO KNOW;88
209;2024-11-03;07:23;albion-park;R7;7;CHA CHA KITTY;84
210;2024-11-03;07:23;albion-park;R7;8;HERE'S HOWIE;
211;2024-11-03;07:23;albion-park;R7;9;LIVE STREAM;
212;2024-11-03;07:23;albion-park;R7;10;EASY AS THAT;87
213;2024-11-03;07:46;albion-park;R8;1;DOING FINE;100
214;2024-11-03;07:46;albion-park;R8;2;SHIMMERING LIGHT;99
215;2024-11-03;07:46;albion-park;R8;3;WALK ME DADDY;81
216;2024-11-03;07:46;albion-park;R8;4;ELECTRIC CHA CHA;88
217;2024-11-03;07:46;albion-park;R8;5;OUT THE BOTTLE;87
218;2024-11-03;07:46;albion-park;R8;6;CONDOLEZZA CLOUD;72
219;2024-11-03;07:46;albion-park;R8;7;MCNULTY;76
220;2024-11-03;07:46;albion-park;R8;8;OLSEN GANG;75
221;2024-11-03;07:46;albion-park;R8;9;GODDESS OF WAR;
222;2024-11-03;07:46;albion-park;R8;10;SLEEK CHARM;
223;2024-11-03;08:04;albion-park;R9;1;BISCUITS CLOUD;82
224;2024-11-03;08:04;albion-park;R9;2;DEVIL DON'T KNOW;84
225;2024-11-03;08:04;albion-park;R9;3;BYE BYE DORA;100
226;2024-11-03;08:04;albion-park;R9;4;LENNY LARGE;82
227;2024-11-03;08:04;albion-park;R9;5;HESTER RHODE;73
228;2024-11-03;08:04;albion-park;R9;6;MAID IN SPACE;95
229;2024-11-03;08:04;albion-park;R9;7;RIORSON BALE;87
230;2024-11-03;08:04;albion-park;R9;8;CLARETOWN MIKEY;71
231;2024-11-03;08:04;albion-park;R9;9;STRIKING MISS;
232;2024-11-03;08:04;albion-park;R9;10;GODDESS OF WAR;
233;2024-11-03;08:27;albion-park;R10;1;ARBELA;97
234;2024-11-03;08:27;albion-park;R10;2;SHAMROCK HAYZE;100
235;2024-11-03;08:27;albion-park;R10;3;ETERNAL WINTER;84
236;2024-11-03;08:27;albion-park;R10;4;BIG ZACH;80
237;2024-11-03;08:27;albion-park;R10;5;FEDERAL VIXEN;78
238;2024-11-03;08:27;albion-park;R10;6;GLENREAGH BURNER;89
239;2024-11-03;08:27;albion-park;R10;7;GRADUATION GIFT;76
240;2024-11-03;08:27;albion-park;R10;8;WISE KEVIN;95
241;2024-11-03;08:27;albion-park;R10;9;STRIKING MISS;
242;2024-11-03;08:27;albion-park;R10;10;SLEEK CHARM;
243;2024-11-03;08:42;albion-park;R11;1;MORE PEACHES;92
244;2024-11-03;08:42;albion-park;R11;2;BYE BYE DREAMER;78
245;2024-11-03;08:42;albion-park;R11;3;PERFECT SCORE;89
246;2024-11-03;08:42;albion-park;R11;4;ROYAL WARREN;100
247;2024-11-03;08:42;albion-park;R11;5;CLEOPATRA HAYZE;
248;2024-11-03;08:42;albion-park;R11;6;ARCTIC HAWK;77
249;2024-11-03;08:42;albion-park;R11;7;SLACK;95
250;2024-11-03;08:42;albion-park;R11;8;CASH HANDY;90
251;2024-11-03;08:42;albion-park;R11;9;STRIKING MISS;79
252;2024-11-03;08:42;albion-park;R11;10;GODDESS OF WAR;
253;2024-11-03;08:57;albion-park;R12;1;SOUNDS LUCKY;79
254;2024-11-03;08:57;albion-park;R12;2;WEBLEC WHISTLER;99
255;2024-11-03;08:57;albion-park;R12;3;CHARLIE'S FLYER;83
256;2024-11-03;08:57;albion-park;R12;4;ULTRA HANNAH;91
257;2024-11-03;08:57;albion-park;R12;5;YOU KNOW BETTER;87
258;2024-11-03;08:57;albion-park;R12;6;LATE FOR SCHOOL;100
259;2024-11-03;08:57;albion-park;R12;7;SHARI'S ANGEL;85
260;2024-11-03;08:57;albion-park;R12;8;AEROBIC ICE AGE;78
261;2024-11-03;08:57;albion-park;R12;9;NOEL'S GEM;
262;2024-11-03;04:30;angle-park;R1;1;CHRISTOPHER;92
263;2024-11-03;04:30;angle-park;R1;2;TECTONIC;100
264;2024-11-03;04:30;angle-park;R1;3;VACANT BOX;
265;2024-11-03;04:30;angle-park;R1;4;ANDY ROSE;84
266;2024-11-03;04:30;angle-park;R1;5;TOORA GRACIE;83
267;2024-11-03;04:30;angle-park;R1;6;VACANT BOX;
268;2024-11-03;04:30;angle-park;R1;7;BUNDABERG GUM;93
269;2024-11-03;04:30;angle-park;R1;8;ROAD LESS TRAVEL;78
270;2024-11-03;04:55;angle-park;R2;1;OUR UNLEASHED;94
271;2024-11-03;04:55;angle-park;R2;2;OUR BELLA ROSE;98
272;2024-11-03;04:55;angle-park;R2;3;VACANT BOX;
273;2024-11-03;04:55;angle-park;R2;4;SHEA'S ENTITY;100
274;2024-11-03;04:55;angle-park;R2;5;EAST OF NOME;85
275;2024-11-03;04:55;angle-park;R2;6;VACANT BOX;
276;2024-11-03;04:55;angle-park;R2;7;LONG GULLY TED;88
277;2024-11-03;04:55;angle-park;R2;8;OUR CHASER;83
278;2024-11-03;05:13;angle-park;R3;1;SLIM RUSTY;100
279;2024-11-03;05:13;angle-park;R3;2;COMPTON MINNIE;75
280;2024-11-03;05:13;angle-park;R3;3;VACANT BOX;
281;2024-11-03;05:13;angle-park;R3;4;HAYRIDE GULDEN;82
282;2024-11-03;05:13;angle-park;R3;5;ROXY FUDGE;84
283;2024-11-03;05:13;angle-park;R3;6;VACANT BOX;
284;2024-11-03;05:13;angle-park;R3;7;SPRING WHISKEY;84
285;2024-11-03;05:13;angle-park;R3;8;NINA INFERNO;87
286;2024-11-03;05:35;angle-park;R4;1;MAGIC POPPET;99
287;2024-11-03;05:35;angle-park;R4;2;GO GO SNOW;100
288;2024-11-03;05:35;angle-park;R4;3;VACANT BOX;
289;2024-11-03;05:35;angle-park;R4;4;CAPTAIN LARRY;87
290;2024-11-03;05:35;angle-park;R4;5;RUNAWAY MERV;97
291;2024-11-03;05:35;angle-park;R4;6;VACANT BOX;
292;2024-11-03;05:35;angle-park;R4;7;OBSESSION;92
293;2024-11-03;05:35;angle-park;R4;8;ORLANDO GREY;94
294;2024-11-03;05:57;angle-park;R5;1;BROOKLYN ROAD;96
295;2024-11-03;05:57;angle-park;R5;2;LEGENDARY VALUE;86
296;2024-11-03;05:57;angle-park;R5;3;VACANT BOX;
297;2024-11-03;05:57;angle-park;R5;4;TOORA TERRY;97
298;2024-11-03;05:57;angle-park;R5;5;DEEP PURPLE;91
299;2024-11-03;05:57;angle-park;R5;6;VACANT BOX;
300;2024-11-03;05:57;angle-park;R5;7;URANA LIGHTNING;89
301;2024-11-03;05:57;angle-park;R5;8;OAKVALE OUTLAW;100
302;2024-11-03;06:15;angle-park;R6;1;OBLITERATED;100
303;2024-11-03;06:15;angle-park;R6;2;VIC ROSE;95
304;2024-11-03;06:15;angle-park;R6;3;FORGOTTEN FURY;82
305;2024-11-03;06:15;angle-park;R6;4;NATIONAL GRID;92
306;2024-11-03;06:15;angle-park;R6;5;VACANT BOX;
307;2024-11-03;06:15;angle-park;R6;6;AUNTIE CLARE;91
308;2024-11-03;06:15;angle-park;R6;7;SPIN AND BURN;97
309;2024-11-03;06:15;angle-park;R6;8;KATRINA HIGHKICK;86
310;2024-11-03;06:37;angle-park;R7;1;NANGAR TEDDY;87
311;2024-11-03;06:37;angle-park;R7;2;VICTORY CLUB;91
312;2024-11-03;06:37;angle-park;R7;3;ROTTEN RONNIE;100
313;2024-11-03;06:37;angle-park;R7;4;DARK MOONSHINE;80
314;2024-11-03;06:37;angle-park;R7;5;VACANT BOX;
315;2024-11-03;06:37;angle-park;R7;6;JUKEBOX DUKE;96
316;2024-11-03;06:37;angle-park;R7;7;SEND IT SPICE;
317;2024-11-03;06:37;angle-park;R7;8;HOT LIPS;98
318;2024-11-03;06:55;angle-park;R8;1;AMAZED BY YOU;96
319;2024-11-03;06:55;angle-park;R8;2;BLUE INTENSITY;89
320;2024-11-03;06:55;angle-park;R8;3;AUSSIE BRAD;88
321;2024-11-03;06:55;angle-park;R8;4;LOST AT SEA;81
322;2024-11-03;06:55;angle-park;R8;5;TOTALLY EMGRAND;
323;2024-11-03;06:55;angle-park;R8;6;YODA LADY;94
324;2024-11-03;06:55;angle-park;R8;7;CHEWDINI;82
325;2024-11-03;06:55;angle-park;R8;8;CANYA ASSASSIN;100
326;2024-11-03;07:17;angle-park;R9;1;WE AND US;95
327;2024-11-03;07:17;angle-park;R9;2;RIGHT SIDE UP;97
328;2024-11-03;07:17;angle-park;R9;3;VACANT BOX;
329;2024-11-03;07:17;angle-park;R9;4;TAK MASHIDO;99
330;2024-11-03;07:17;angle-park;R9;5;VACANT BOX;
331;2024-11-03;07:17;angle-park;R9;6;BOOM BOOM JACK;100
332;2024-11-03;07:17;angle-park;R9;7;VACANT BOX;
333;2024-11-03;07:17;angle-park;R9;8;LOCKABA ROCKET;86
334;2024-11-03;07:40;angle-park;R10;1;COCO COASTER;98
335;2024-11-03;07:40;angle-park;R10;2;WAY TOO SOFT;99
336;2024-11-03;07:40;angle-park;R10;3;VACANT BOX;
337;2024-11-03;07:40;angle-park;R10;4;CRACKERJACK NICK;100
338;2024-11-03;07:40;angle-park;R10;5;VACANT BOX;
339;2024-11-03;07:40;angle-park;R10;6;AIR PUMBAA;97
340;2024-11-03;07:40;angle-park;R10;7;VACANT BOX;
341;2024-11-03;07:40;angle-park;R10;8;HERCULEAN ZEAL;99
342;2024-11-03;07:58;angle-park;R11;1;BLUE BOY KADE;74
343;2024-11-03;07:58;angle-park;R11;2;CALAIS MAGIC;100
344;2024-11-03;07:58;angle-park;R11;3;VACANT BOX;
345;2024-11-03;07:58;angle-park;R11;4;FAWN CHARGER;87
346;2024-11-03;07:58;angle-park;R11;5;CAPTAIN RITA;92
347;2024-11-03;07:58;angle-park;R11;6;VACANT BOX;
348;2024-11-03;07:58;angle-park;R11;7;BREAKER OF RULES;85
349;2024-11-03;07:58;angle-park;R11;8;MAZUMA MAYHEM;95
350;2024-11-03;20:35;ballarat;R1;1;WHIPPING ALONG;99
351;2024-11-03;20:35;ballarat;R1;2;THERMAL SMOKE;91
352;2024-11-03;20:35;ballarat;R1;3;ELPHIAS DOGE;91
353;2024-11-03;20:35;ballarat;R1;4;BELAIR RUBY;85
354;2024-11-03;20:35;ballarat;R1;5;DRAGON BLACK;100
355;2024-11-03;20:35;ballarat;R1;6;CINDY'S GEM;90
356;2024-11-03;20:35;ballarat;R1;7;JACKPOT CASH;90
357;2024-11-03;20:35;ballarat;R1;8;PUGSLEY;
358;2024-11-03;20:35;ballarat;R1;9;FLYING TULLY;
359;2024-11-03;20:35;ballarat;R1;10;TONK JEAN;90
360;2024-11-03;20:50;ballarat;R2;1;SUFFOLK PARK;100
361;2024-11-03;20:50;ballarat;R2;2;NEIGHBOURS ALARM;79
362;2024-11-03;20:50;ballarat;R2;3;TOE;87
363;2024-11-03;20:50;ballarat;R2;4;BUFFALO COWBOY;79
364;2024-11-03;20:50;ballarat;R2;5;SOLAR TESS;86
365;2024-11-03;20:50;ballarat;R2;6;BELAIR NOMAD;76
366;2024-11-03;20:50;ballarat;R2;7;MEEK;70
367;2024-11-03;20:50;ballarat;R2;8;AUSSIE FLAME;83
368;2024-11-03;20:50;ballarat;R2;9;PAW TRINNY;
369;2024-11-03;20:50;ballarat;R2;10;TONK JEAN;
370;2024-11-03;21:06;ballarat;R3;1;MY GRACIE;93
371;2024-11-03;21:06;ballarat;R3;2;LONG REEF;93
372;2024-11-03;21:06;ballarat;R3;3;MAXIMUM REED;100
373;2024-11-03;21:06;ballarat;R3;4;BELFAST SPOT;96
374;2024-11-03;21:06;ballarat;R3;5;VANESSA BALE;93
375;2024-11-03;21:06;ballarat;R3;6;LOSE MY NUMBER;93
376;2024-11-03;21:06;ballarat;R3;7;PAW KINSLEY;89
377;2024-11-03;21:06;ballarat;R3;8;PAW NITRO;96
378;2024-11-03;21:06;ballarat;R3;9;PAW TRINNY;
379;2024-11-03;21:22;ballarat;R4;1;DAWNY BY NAME;95
380;2024-11-03;21:22;ballarat;R4;2;WINNIE'S WISH;
381;2024-11-03;21:22;ballarat;R4;3;THAT'S A BOODIE;97
382;2024-11-03;21:22;ballarat;R4;4;DOWN SOUTH GIRL;96
383;2024-11-03;21:22;ballarat;R4;5;HARTLAND DUKE;85
384;2024-11-03;21:22;ballarat;R4;6;QUILLA REEF;96
385;2024-11-03;21:22;ballarat;R4;7;RIVIERA BALE;100
386;2024-11-03;21:22;ballarat;R4;8;SPRING WATCH;97
387;2024-11-03;21:47;ballarat;R5;1;BLUE CHAI LATTE;98
388;2024-11-03;21:47;ballarat;R5;2;ABLETT FLYER;94
389;2024-11-03;21:47;ballarat;R5;3;IMPRESARIO;90
390;2024-11-03;21:47;ballarat;R5;4;MAJOR PHANTOM;100
391;2024-11-03;21:47;ballarat;R5;5;MR. FLASH;88
392;2024-11-03;21:47;ballarat;R5;6;HARRY CHANA;87
393;2024-11-03;21:47;ballarat;R5;7;SCOTT TO BURN;93
394;2024-11-03;21:47;ballarat;R5;8;DERNANCOURT;88
395;2024-11-03;22:05;ballarat;R6;1;SINGLE FLICKER;93
396;2024-11-03;22:05;ballarat;R6;2;WHATEVER HE SAID;
397;2024-11-03;22:05;ballarat;R6;3;JOSIE'S JEWEL;100
398;2024-11-03;22:05;ballarat;R6;4;SMOKIN' ARROW;91
399;2024-11-03;22:05;ballarat;R6;5;FAR AWAY TEARS;91
400;2024-11-03;22:05;ballarat;R6;6;ZARA'S PRINCESS;83
401;2024-11-03;22:05;ballarat;R6;7;MIRA BALE;95
402;2024-11-03;22:05;ballarat;R6;8;SIR BINGO;99
403;2024-11-03;22:20;ballarat;R7;1;PAW RIVAL;
404;2024-11-03;22:20;ballarat;R7;2;HARD ROTOR;88
405;2024-11-03;22:20;ballarat;R7;3;PYRENEES CHATEAU;85
406;2024-11-03;22:20;ballarat;R7;4;URANO BALE;88
407;2024-11-03;22:20;ballarat;R7;5;DECORATED;100
408;2024-11-03;22:20;ballarat;R7;6;MAX KANE;90
409;2024-11-03;22:20;ballarat;R7;7;SULTAN OF SWOON;88
410;2024-11-03;22:20;ballarat;R7;8;WHIPSTICK SERENA;90
411;2024-11-03;22:20;ballarat;R7;9;CONDAH EXPRESS;88
412;2024-11-03;22:35;ballarat;R8;1;SHIZUKA;100
413;2024-11-03;22:35;ballarat;R8;2;BISMUTH;96
414;2024-11-03;22:35;ballarat;R8;3;DR. FOREST;73
415;2024-11-03;22:35;ballarat;R8;4;TARGAN BALE;90
416;2024-11-03;22:35;ballarat;R8;5;ZIPPING MORK;74
417;2024-11-03;22:35;ballarat;R8;6;MIGHTY THANOS;94
418;2024-11-03;22:35;ballarat;R8;7;BELAIR BEE;88
419;2024-11-03;22:35;ballarat;R8;8;JUDICIARY;77
420;2024-11-03;22:55;ballarat;R9;1;POCKET MOUSE;100
421;2024-11-03;22:55;ballarat;R9;2;PAW JUDD;96
422;2024-11-03;22:55;ballarat;R9;3;PAW IGNITE;96
423;2024-11-03;22:55;ballarat;R9;4;TONKA BALE;95
424;2024-11-03;22:55;ballarat;R9;5;PRINCETOWN FLYER;93
425;2024-11-03;22:55;ballarat;R9;6;SWIFT GIFT;86
426;2024-11-03;22:55;ballarat;R9;7;MAXIMUM BARB;95
427;2024-11-03;22:55;ballarat;R9;8;PIP;92
428;2024-11-03;22:55;ballarat;R9;9;CONDAH EXPRESS;
429;2024-11-03;23:12;ballarat;R10;1;SHE'S NAUTICAL;93
430;2024-11-03;23:12;ballarat;R10;2;PAW JOLYN;99
431;2024-11-03;23:12;ballarat;R10;3;BONE SHAKER;100
432;2024-11-03;23:12;ballarat;R10;4;PAW EVA;
433;2024-11-03;23:12;ballarat;R10;5;MR. OLAF;85
434;2024-11-03;23:12;ballarat;R10;6;ALL ON MERRETT;89
435;2024-11-03;23:12;ballarat;R10;7;BOROUGH BOUND;89
436;2024-11-03;23:12;ballarat;R10;8;THERMAL FLICKER;91
437;2024-11-03;23:12;ballarat;R10;9;CONNOR'S FLYER;98
438;2024-11-03;23:12;ballarat;R10;10;INGA AMY;
439;2024-11-03;23:35;ballarat;R11;1;MUCK AROUND;99
440;2024-11-03;23:35;ballarat;R11;2;RIVERDALE CLYDE;100
441;2024-11-03;23:35;ballarat;R11;3;SALMON SPRAY;89
442;2024-11-03;23:35;ballarat;R11;4;ZIPPING CITINO;91
443;2024-11-03;23:35;ballarat;R11;5;MISCHIEF MATE;98
444;2024-11-03;23:35;ballarat;R11;6;RIVERDALE TURBO;94
445;2024-11-03;23:35;ballarat;R11;7;BRASTON MISS;89
446;2024-11-03;23:35;ballarat;R11;8;IN THE MIX;90
447;2024-11-03;23:35;ballarat;R11;9;DROP FIFTY;
448;2024-11-03;23:35;ballarat;R11;10;WAIRUA'S WAY;
449;2024-11-03;23:57;ballarat;R12;1;HOSEY SIDEKICK;95
450;2024-11-03;23:57;ballarat;R12;2;BLACK BOW;94
451;2024-11-03;23:57;ballarat;R12;3;QUESTON BALE;100
452;2024-11-03;23:57;ballarat;R12;4;PALTROW BALE;95
453;2024-11-03;23:57;ballarat;R12;5;FIRING CHIEF;94
454;2024-11-03;23:57;ballarat;R12;6;JUICE;
455;2024-11-03;23:57;ballarat;R12;7;DANYO'S BOAR;95
456;2024-11-03;23:57;ballarat;R12;8;DR. MATRIX;95
457;2024-11-03;00:14;ballarat;R13;1;CAILAH'S CREW;97
458;2024-11-03;00:14;ballarat;R13;2;CHASING JIMMY;81
459;2024-11-03;00:14;ballarat;R13;3;STYLE KEY;93
460;2024-11-03;00:14;ballarat;R13;4;PYRENEES BLAZER;91
461;2024-11-03;00:14;ballarat;R13;5;CAWBOURNE GROUP;85
462;2024-11-03;00:14;ballarat;R13;6;VANS TURBO;82
463;2024-11-03;00:14;ballarat;R13;7;ZIPPING SWAZI;91
464;2024-11-03;00:14;ballarat;R13;8;CRUISIN' CHERRY;100
465;2024-11-03;00:37;ballarat;R14;1;MADAM NOVA;84
466;2024-11-03;00:37;ballarat;R14;2;AVISWOOD;92
467;2024-11-03;00:37;ballarat;R14;3;MISSILE MAGGIE;100
468;2024-11-03;00:37;ballarat;R14;4;CHERRY RED;95
469;2024-11-03;00:37;ballarat;R14;5;AMY JAY;
470;2024-11-03;00:37;ballarat;R14;6;BLIND MAN;88
471;2024-11-03;00:37;ballarat;R14;7;ABERDEEN GRANGE;87
472;2024-11-03;00:37;ballarat;R14;8;INDY DELTA;95
473;2024-11-03;00:32;bendigo;R1;1;TAMMY ROAD;100
474;2024-11-03;00:32;bendigo;R1;2;LADY HALIME;78
475;2024-11-03;00:32;bendigo;R1;3;JILLIBY MILLIE;72
476;2024-11-03;00:32;bendigo;R1;4;AUTUMN ANGEL;84
477;2024-11-03;00:32;bendigo;R1;5;VACANT BOX;
478;2024-11-03;00:32;bendigo;R1;6;PAW FORRESTER;81
479;2024-11-03;00:32;bendigo;R1;7;PARNASSUS;76
480;2024-11-03;00:32;bendigo;R1;8;FRANKLY SPEED;81
481;2024-11-03;00:49;bendigo;R2;1;NANA'S REBEL;85
482;2024-11-03;00:49;bendigo;R2;2;SHOOT THE BREEZE;100
483;2024-11-03;00:49;bendigo;R2;3;VISTA WHY;82
484;2024-11-03;00:49;bendigo;R2;4;JOHN BOY;85
485;2024-11-03;00:49;bendigo;R2;5;VACANT BOX;
486;2024-11-03;00:49;bendigo;R2;6;DIRTY RASCAL;66
487;2024-11-03;00:49;bendigo;R2;7;BOGGY PUB;85
488;2024-11-03;00:49;bendigo;R2;8;GROVEDALE BUG;80
489;2024-11-03;01:09;bendigo;R3;1;HEATHER BALE;95
490;2024-11-03;01:09;bendigo;R3;2;MORAINE BRANDI;100
491;2024-11-03;01:09;bendigo;R3;3;KISS ME RUBY;95
492;2024-11-03;01:09;bendigo;R3;4;PROVOCATION;94
493;2024-11-03;01:09;bendigo;R3;5;MR. EVERLAST;92
494;2024-11-03;01:09;bendigo;R3;6;PAW JANELLE;98
495;2024-11-03;01:09;bendigo;R3;7;DOOKIE GIBLET;94
496;2024-11-03;01:09;bendigo;R3;8;COCONUT FELIPE;90
497;2024-11-03;01:37;bendigo;R4;1;AUDITION;83
498;2024-11-03;01:37;bendigo;R4;2;ZIVA BALE;100
499;2024-11-03;01:37;bendigo;R4;3;CRAIG KEEPING;69
500;2024-11-03;01:37;bendigo;R4;4;MAGIC MOON BEAM;85
501;2024-11-03;01:37;bendigo;R4;5;VACANT BOX;
502;2024-11-03;01:37;bendigo;R4;6;MOE PATTY;79
503;2024-11-03;01:37;bendigo;R4;7;TALK BACKS BACK;90
504;2024-11-03;01:37;bendigo;R4;8;ALVIN DELIGHT;75
505;2024-11-03;01:52;bendigo;R5;1;MY COMPASS;91
506;2024-11-03;01:52;bendigo;R5;2;ABRAXAS BALE;97
507;2024-11-03;01:52;bendigo;R5;3;BURN THE WITCH;97
508;2024-11-03;01:52;bendigo;R5;4;BOROUGH COOK;90
509;2024-11-03;01:52;bendigo;R5;5;VACANT BOX;
510;2024-11-03;01:52;bendigo;R5;6;PASSING;96
511;2024-11-03;01:52;bendigo;R5;7;RAPIDFIRE SERENA;100
512;2024-11-03;01:52;bendigo;R5;8;BLUE RISE;91
513;2024-11-03;02:17;bendigo;R6;1;COCONUT OAKLAND;92
514;2024-11-03;02:17;bendigo;R6;2;SHAKA BIG TONKS;
515;2024-11-03;02:17;bendigo;R6;3;GOLD GIZMO;87
516;2024-11-03;02:17;bendigo;R6;4;RAPIDFIRE FOREST;92
517;2024-11-03;02:17;bendigo;R6;5;VACANT BOX;
518;2024-11-03;02:17;bendigo;R6;6;LAMIA ERNIE;92
519;2024-11-03;02:17;bendigo;R6;7;SPEEDY RIOT;94
520;2024-11-03;02:17;bendigo;R6;8;BEYOND BLESSED;100
521;2024-11-03;02:37;bendigo;R7;1;EVENING STAGGER;98
522;2024-11-03;02:37;bendigo;R7;2;HERE COMES SHAKA;100
523;2024-11-03;02:37;bendigo;R7;3;BONNIE BRANN;81
524;2024-11-03;02:37;bendigo;R7;4;SASSY RICO;84
525;2024-11-03;02:37;bendigo;R7;5;COUNTY TYRONE;92
526;2024-11-03;02:37;bendigo;R7;6;PATRIOT BRADLEY;89
527;2024-11-03;02:37;bendigo;R7;7;CAPTAIN KATIE;92
528;2024-11-03;02:37;bendigo;R7;8;REBEL THINKER;95
529;2024-11-03;02:52;bendigo;R8;1;SHAKA BIG CHIEF;95
530;2024-11-03;02:52;bendigo;R8;2;SILVER MACHINE;
531;2024-11-03;02:52;bendigo;R8;3;TRESPASSING;100
532;2024-11-03;02:52;bendigo;R8;4;BLACK SERIES;94
533;2024-11-03;02:52;bendigo;R8;5;VACANT BOX;
534;2024-11-03;02:52;bendigo;R8;6;CHANGE OF HABIT;94
535;2024-11-03;02:52;bendigo;R8;7;MADDIE ODD SOCK;95
536;2024-11-03;02:52;bendigo;R8;8;MILLERS ROAD;91
537;2024-11-03;03:19;bendigo;R9;1;SHY CABANG;84
538;2024-11-03;03:19;bendigo;R9;2;GOSSIP GIRL;96
539;2024-11-03;03:19;bendigo;R9;3;TWILIGHT SLEUTH;84
540;2024-11-03;03:19;bendigo;R9;4;CANDLES;100
541;2024-11-03;03:19;bendigo;R9;5;VACANT BOX;
542;2024-11-03;03:19;bendigo;R9;6;READY TO STAGGER;83
543;2024-11-03;03:19;bendigo;R9;7;LITTLE TIC;95
544;2024-11-03;03:19;bendigo;R9;8;HOT SPOT;95
545;2024-11-03;03:34;bendigo;R10;1;SMALL HEATH;96
546;2024-11-03;03:34;bendigo;R10;2;LALA NOEL;91
547;2024-11-03;03:34;bendigo;R10;3;CHAIN DRIVE;94
548;2024-11-03;03:34;bendigo;R10;4;GROVER BALE;93
549;2024-11-03;03:34;bendigo;R10;5;VACANT BOX;
550;2024-11-03;03:34;bendigo;R10;6;COLLINDA LAW;100
551;2024-11-03;03:34;bendigo;R10;7;YEAH SWEETIE;90
552;2024-11-03;03:34;bendigo;R10;8;SCARLETT'S GEM;93
553;2024-11-03;03:54;bendigo;R11;1;AEROPLANE ASTRO;100
554;2024-11-03;03:54;bendigo;R11;2;BRAVADO;97
555;2024-11-03;03:54;bendigo;R11;3;URANA WHIRLWIND;85
556;2024-11-03;03:54;bendigo;R11;4;SHE IS SCARLET;93
557;2024-11-03;03:54;bendigo;R11;5;VACANT BOX;
558;2024-11-03;03:54;bendigo;R11;6;ULNA;81
559;2024-11-03;03:54;bendigo;R11;7;CRUSOE PEARL;90
560;2024-11-03;03:54;bendigo;R11;8;LALA SPEED;86
561;2024-11-03;04:15;bendigo;R12;1;IBROX COOPER;82
562;2024-11-03;04:15;bendigo;R12;2;NIKITA BALE;100
563;2024-11-03;04:15;bendigo;R12;3;FERNBANK FLYER;
564;2024-11-03;04:15;bendigo;R12;4;IMPRESS SIMBA;83
565;2024-11-03;04:15;bendigo;R12;5;URANA EXPRESS;86
566;2024-11-03;04:15;bendigo;R12;6;BURRA BRICE;87
567;2024-11-03;04:15;bendigo;R12;7;DESMONDE;88
568;2024-11-03;04:15;bendigo;R12;8;CALL ME JOHN;88
569;2024-11-03;04:33;bendigo;R13;1;WHISTLING;94
570;2024-11-03;04:33;bendigo;R13;2;DELIGHTFUL;96
571;2024-11-03;04:33;bendigo;R13;3;TWILIGHT SOFIA;99
572;2024-11-03;04:33;bendigo;R13;4;URANA FERNANDO;94
573;2024-11-03;04:33;bendigo;R13;5;THAI MOGWAI;100
574;2024-11-03;04:33;bendigo;R13;6;CLASSY SHIFTER;96
575;2024-11-03;04:33;bendigo;R13;7;WE ARE SOUTH;
576;2024-11-03;04:33;bendigo;R13;8;SANDY'S LARA;98
577;2024-11-03;01:44;dubbo;R1;1;SPOT ON FERNANDO;76
578;2024-11-03;01:44;dubbo;R1;2;WHITE GHOST;88
579;2024-11-03;01:44;dubbo;R1;3;IN TATTERS;86
580;2024-11-03;01:44;dubbo;R1;4;WOLF ROCK;86
581;2024-11-03;01:44;dubbo;R1;5;JIMMY DUTTON;94
582;2024-11-03;01:44;dubbo;R1;6;BOGAN PLAINS;100
583;2024-11-03;01:44;dubbo;R1;7;GO FORWARD TINY;84
584;2024-11-03;01:44;dubbo;R1;8;ONE DAY ON;77
585;2024-11-03;01:44;dubbo;R1;9;SECOND HAND NEWS;
586;2024-11-03;01:44;dubbo;R1;10;MY MY;
587;2024-11-03;02:09;dubbo;R2;1;KIANDO BROOKLYN;93
588;2024-11-03;02:09;dubbo;R2;2;NOAH KEEPING;94
589;2024-11-03;02:09;dubbo;R2;3;GULGONG FLASH;90
590;2024-11-03;02:09;dubbo;R2;4;LITTLE MAN JAY;100
591;2024-11-03;02:09;dubbo;R2;5;BINGO AND BLUEY;84
592;2024-11-03;02:09;dubbo;R2;6;MUCH TO DO;82
593;2024-11-03;02:09;dubbo;R2;7;MISS CIARDO;98
594;2024-11-03;02:09;dubbo;R2;8;URBAN BREAM;96
595;2024-11-03;02:09;dubbo;R2;9;MY MY;
596;2024-11-03;02:09;dubbo;R2;10;SECOND HAND NEWS;
597;2024-11-03;02:27;dubbo;R3;1;DOREEN KEEPING;
598;2024-11-03;02:27;dubbo;R3;2;ARMATREE VIOLET;82
599;2024-11-03;02:27;dubbo;R3;3;SMOKIN' SONIA;77
600;2024-11-03;02:27;dubbo;R3;4;KATIE KEEPING;97
601;2024-11-03;02:27;dubbo;R3;5;KAROONA KID;76
602;2024-11-03;02:27;dubbo;R3;6;SASHA KEEPING;93
603;2024-11-03;02:27;dubbo;R3;7;MONTIE BALE;79
604;2024-11-03;02:27;dubbo;R3;8;SHIRLEY KEEPING;100
605;2024-11-03;02:44;dubbo;R4;1;HE'S A CHARMER;89
606;2024-11-03;02:44;dubbo;R4;2;RUPURT KEEN;96
607;2024-11-03;02:44;dubbo;R4;3;VACANT BOX;
608;2024-11-03;02:44;dubbo;R4;4;BOGAN VALLEY;100
609;2024-11-03;02:44;dubbo;R4;5;GO FORWARD RAY;84
610;2024-11-03;02:44;dubbo;R4;6;VACANT BOX;
611;2024-11-03;02:44;dubbo;R4;7;ARMATREE FERDI;97
612;2024-11-03;02:44;dubbo;R4;8;HUNTED JAX;99
613;2024-11-03;03:07;dubbo;R5;1;MISS MY MATES;96
614;2024-11-03;03:07;dubbo;R5;2;WHIZBANG JACK;86
615;2024-11-03;03:07;dubbo;R5;3;SWIFT DENNIS;86
616;2024-11-03;03:07;dubbo;R5;4;VITALITY BLAST;85
617;2024-11-03;03:07;dubbo;R5;5;VACANT BOX;
618;2024-11-03;03:07;dubbo;R5;6;STEEL BOOTS;73
619;2024-11-03;03:07;dubbo;R5;7;ARMATREE CASH;89
620;2024-11-03;03:07;dubbo;R5;8;ARMATREE JOKER;100
621;2024-11-03;03:27;dubbo;R6;1;NITROUS OCTANE;
622;2024-11-03;03:27;dubbo;R6;2;BELL MAC BLAZER;
623;2024-11-03;03:27;dubbo;R6;3;NED THE KNIGHT;91
624;2024-11-03;03:27;dubbo;R6;4;FANCY MAL;97
625;2024-11-03;03:27;dubbo;R6;5;VACANT BOX;
626;2024-11-03;03:27;dubbo;R6;6;MOONSHINE MAN;82
627;2024-11-03;03:27;dubbo;R6;7;BELL MAC MAGIC;99
628;2024-11-03;03:27;dubbo;R6;8;SWIFT BREE;100
629;2024-11-03;03:42;dubbo;R7;1;ARROW FERNANDO;
630;2024-11-03;03:42;dubbo;R7;2;MISS MACIE LYN;94
631;2024-11-03;03:42;dubbo;R7;3;ZARA GO ON;86
632;2024-11-03;03:42;dubbo;R7;4;MIGHTY WATER BOY;88
633;2024-11-03;03:42;dubbo;R7;5;DJANGO RIGGS;79
634;2024-11-03;03:42;dubbo;R7;6;WATCH THE SPEED;80
635;2024-11-03;03:42;dubbo;R7;7;DOUBLE DEALINGS;79
636;2024-11-03;03:42;dubbo;R7;8;SWIFT ELI;100
637;2024-11-03;04:05;dubbo;R8;1;KENZI'S BLAZE;73
638;2024-11-03;04:05;dubbo;R8;2;ONE LONG DAY;82
639;2024-11-03;04:05;dubbo;R8;3;SWIFT BONNIE;100
640;2024-11-03;04:05;dubbo;R8;4;LITTLE WILMA;66
641;2024-11-03;04:05;dubbo;R8;5;IDENTITY;66
642;2024-11-03;04:05;dubbo;R8;6;YOU GOT THIS;
643;2024-11-03;04:05;dubbo;R8;7;SARA'S TIGER;89
644;2024-11-03;04:05;dubbo;R8;8;GET FULLY LOADED;74
645;2024-11-03;04:05;dubbo;R8;9;I'M A CRACKER;69
646;2024-11-03;04:05;dubbo;R8;10;WHISKEY JAZZ;
647;2024-11-03;04:21;dubbo;R9;1;BRAVESTONE;100
648;2024-11-03;04:21;dubbo;R9;2;ZIP MAN;
649;2024-11-03;04:21;dubbo;R9;3;BELLA KEEN;
650;2024-11-03;04:21;dubbo;R9;4;BOGAN ROAD;94
651;2024-11-03;04:21;dubbo;R9;5;MR. BOURBON;94
652;2024-11-03;04:21;dubbo;R9;6;CALCULUS;88
653;2024-11-03;04:21;dubbo;R9;7;RANDOM TIME;83
654;2024-11-03;04:21;dubbo;R9;8;URBAN HYPE;86
655;2024-11-03;04:21;dubbo;R9;9;INTRUDE;76
656;2024-11-03;04:21;dubbo;R9;10;I'M A CRACKER;
657;2024-11-03;04:39;dubbo;R10;1;SOLO SOLO;93
658;2024-11-03;04:39;dubbo;R10;2;IRONIC AUSSIE;88
659;2024-11-03;04:39;dubbo;R10;3;GREMLIN GIRL;78
660;2024-11-03;04:39;dubbo;R10;4;REV ON GRUBBY;91
661;2024-11-03;04:39;dubbo;R10;5;KIANDO DIVA;
662;2024-11-03;04:39;dubbo;R10;6;PEYTON'S WISH;89
663;2024-11-03;04:39;dubbo;R10;7;POLLY'S GEM;89
664;2024-11-03;04:39;dubbo;R10;8;MEDIA MAGNATE;100
665;2024-11-03;04:39;dubbo;R10;9;WHISKEY JAZZ;79
666;2024-11-03;04:39;dubbo;R10;10;INTRUDE;
667;2024-11-03;04:58;maitland;R1;1;JAMAICA RUM;90
668;2024-11-03;04:58;maitland;R1;2;RAINING WINE;83
669;2024-11-03;04:58;maitland;R1;3;DANDY DREAMER;
670;2024-11-03;04:58;maitland;R1;4;ZIPPING TANDER;95
671;2024-11-03;04:58;maitland;R1;5;MELISSA'S MARVEL;69
672;2024-11-03;04:58;maitland;R1;6;RED DIGGER;100
673;2024-11-03;04:58;maitland;R1;7;RAINING BOURBON;75
674;2024-11-03;04:58;maitland;R1;8;GOODWIN FERNANDO;87
675;2024-11-03;04:58;maitland;R1;9;STYLISH EYES;77
676;2024-11-03;05:16;maitland;R2;1;ASTRAL STAR;91
677;2024-11-03;05:16;maitland;R2;2;JILLIBY EELS;98
678;2024-11-03;05:16;maitland;R2;3;TYPHOON ETHICS;
679;2024-11-03;05:16;maitland;R2;4;REBEL ZESTA;76
680;2024-11-03;05:16;maitland;R2;5;FIRST SENT;
681;2024-11-03;05:16;maitland;R2;6;PRINCESS NEVADA;91
682;2024-11-03;05:16;maitland;R2;7;CRUISING CHARLIE;100
683;2024-11-03;05:16;maitland;R2;8;DEADLOCK;93
684;2024-11-03;05:16;maitland;R2;9;ENGINEERED KAOS;98
685;2024-11-03;05:16;maitland;R2;10;JAGGER STYLE;91
686;2024-11-03;05:38;maitland;R3;1;MADE IN LONDON;90
687;2024-11-03;05:38;maitland;R3;2;SCREAMING UP;85
688;2024-11-03;05:38;maitland;R3;3;ROLLS RIPPLE;87
689;2024-11-03;05:38;maitland;R3;4;MUSTANG SHERRY;91
690;2024-11-03;05:38;maitland;R3;5;WINTER TRALEE;89
691;2024-11-03;05:38;maitland;R3;6;REVIVED;90
692;2024-11-03;05:38;maitland;R3;7;KINGSLEY;86
693;2024-11-03;05:38;maitland;R3;8;MY MOON SHADOW;100
694;2024-11-03;05:38;maitland;R3;9;ENGINEERED KAOS;
695;2024-11-03;05:38;maitland;R3;10;JAGGER STYLE;
696;2024-11-03;06:00;maitland;R4;1;DAWN RAIDER;100
697;2024-11-03;06:00;maitland;R4;2;MONTICELLO;94
698;2024-11-03;06:00;maitland;R4;3;CAN'T EXTEND;80
699;2024-11-03;06:00;maitland;R4;4;BOMB NOAH;89
700;2024-11-03;06:00;maitland;R4;5;CASSIDY BOY;76
701;2024-11-03;06:00;maitland;R4;6;FIRE MOTTO;86
702;2024-11-03;06:00;maitland;R4;7;KETTLE HEAD;96
703;2024-11-03;06:00;maitland;R4;8;ALL ABOUT ARCHIE;80
704;2024-11-03;06:00;maitland;R4;9;JAGGER STYLE;
705;2024-11-03;06:00;maitland;R4;10;ENGINEERED KAOS;
706;2024-11-03;06:18;maitland;R5;1;GUBBIO;93
707;2024-11-03;06:18;maitland;R5;2;TARZAN TEDDY;95
708;2024-11-03;06:18;maitland;R5;3;AUSSIE RATTLER;
709;2024-11-03;06:18;maitland;R5;4;SOUL SPLICER;95
710;2024-11-03;06:18;maitland;R5;5;SHACK UP BEAST;82
711;2024-11-03;06:18;maitland;R5;6;DIRTY DANCING;74
712;2024-11-03;06:18;maitland;R5;7;LEAD FOOT LARRY;100
713;2024-11-03;06:18;maitland;R5;8;TOXIC LABEL;86
714;2024-11-03;06:18;maitland;R5;9;JAGGER STYLE;
715;2024-11-03;06:18;maitland;R5;10;ENGINEERED KAOS;
716;2024-11-03;06:40;maitland;R6;1;MARLEE STAR;97
717;2024-11-03;06:40;maitland;R6;2;WEFFALEE SHIELD;89
718;2024-11-03;06:40;maitland;R6;3;HISTORY'S COMING;93
719;2024-11-03;06:40;maitland;R6;4;OUR CHINA RED;87
720;2024-11-03;06:40;maitland;R6;5;BADGER'S BEAST;
721;2024-11-03;06:40;maitland;R6;6;BEST EVER;
722;2024-11-03;06:40;maitland;R6;7;BLUE JUGGLER;100
723;2024-11-03;06:40;maitland;R6;8;TARAWI FLASH;92
724;2024-11-03;06:58;maitland;R7;1;ZIPPING CAGNEY;
725;2024-11-03;06:58;maitland;R7;2;ZIPPING GABLE;88
726;2024-11-03;06:58;maitland;R7;3;TARAWI MALIBU;78
727;2024-11-03;06:58;maitland;R7;4;EXALTED FIRE;66
728;2024-11-03;06:58;maitland;R7;5;ELIZABETH FIRE;95
729;2024-11-03;06:58;maitland;R7;6;EAT THE TICKET;100
730;2024-11-03;06:58;maitland;R7;7;BONNIE MAGGIE;79
731;2024-11-03;06:58;maitland;R7;8;DIRT BAND;83
732;2024-11-03;07:20;maitland;R8;1;SMOKE AND FLAME;81
733;2024-11-03;07:20;maitland;R8;2;TRALEE ENZO;100
734;2024-11-03;07:20;maitland;R8;3;HURRICANE YOYO;80
735;2024-11-03;07:20;maitland;R8;4;PAVLOV BALE;87
736;2024-11-03;07:20;maitland;R8;5;VACANT BOX;
737;2024-11-03;07:20;maitland;R8;6;SPEEDY HOUDINI;93
738;2024-11-03;07:20;maitland;R8;7;RATTLIN' BYE;94
739;2024-11-03;07:20;maitland;R8;8;ZIPPER BANK;99
740;2024-11-03;07:43;maitland;R9;1;MAX STAPPEN;98
741;2024-11-03;07:43;maitland;R9;2;HARD HEAD RED;84
742;2024-11-03;07:43;maitland;R9;3;VACANT BOX;
743;2024-11-03;07:43;maitland;R9;4;MY BOY AIDEN;78
744;2024-11-03;07:43;maitland;R9;5;SUNRISE CRUISER;81
745;2024-11-03;07:43;maitland;R9;6;VACANT BOX;
746;2024-11-03;07:43;maitland;R9;7;KILCOY CASTLE;97
747;2024-11-03;07:43;maitland;R9;8;COOL JUNIOR;100
748;2024-11-03;08:01;maitland;R10;1;ZIPPER PATROL;100
749;2024-11-03;08:01;maitland;R10;2;LIGHTNING JENNY;72
750;2024-11-03;08:01;maitland;R10;3;VACANT BOX;
751;2024-11-03;08:01;maitland;R10;4;CARPENTER'S ARMS;97
752;2024-11-03;08:01;maitland;R10;5;TYPHOON DOT;86
753;2024-11-03;08:01;maitland;R10;6;VACANT BOX;
754;2024-11-03;08:01;maitland;R10;7;SPACE GIRL;95
755;2024-11-03;08:01;maitland;R10;8;JERRY'S MATE;86
756;2024-11-03;01:31;northam;R1;1;ICELANDIC TEARS;91
757;2024-11-03;01:31;northam;R1;2;SIMPLY ROWDY;85
758;2024-11-03;01:31;northam;R1;3;BIRDIE PORT;69
759;2024-11-03;01:31;northam;R1;4;CYCLONIC NICK;86
760;2024-11-03;01:31;northam;R1;5;DEFIANT PAM;97
761;2024-11-03;01:31;northam;R1;6;KILLER KELLY;93
762;2024-11-03;01:31;northam;R1;7;OHANA DUCHESS;
763;2024-11-03;01:31;northam;R1;8;ISLA MCCOOL;100
764;2024-11-03;01:31;northam;R1;9;MRS. GORDON;
765;2024-11-03;01:31;northam;R1;10;SHINBONER DAISY;73
766;2024-11-03;01:49;northam;R2;1;DIVA;87
767;2024-11-03;01:49;northam;R2;2;SHINBONER FIESTY;82
768;2024-11-03;01:49;northam;R2;3;FOREVER SEVEN;89
769;2024-11-03;01:49;northam;R2;4;JAMES KEEPING;100
770;2024-11-03;01:49;northam;R2;5;AUGUSTA STAR;96
771;2024-11-03;01:49;northam;R2;6;COOTAMUNDRA LAD;99
772;2024-11-03;01:49;northam;R2;7;SO TEMPTING;84
773;2024-11-03;01:49;northam;R2;8;SHINBONER TWIST;86
774;2024-11-03;01:49;northam;R2;9;ROCKABYE MISS;
775;2024-11-03;01:49;northam;R2;10;LARA HOOK;
776;2024-11-03;02:06;northam;R3;1;RANGER RICKSEN;98
777;2024-11-03;02:06;northam;R3;2;TWO SPOT MALT;100
778;2024-11-03;02:06;northam;R3;3;CISCO RIPPLE;92
779;2024-11-03;02:06;northam;R3;4;REV ON RUSSELL;96
780;2024-11-03;02:06;northam;R3;5;SIMPLY PRESTO;89
781;2024-11-03;02:06;northam;R3;6;FLYING VANCE;80
782;2024-11-03;02:06;northam;R3;7;GOLDEN SPOLLY;100
783;2024-11-03;02:06;northam;R3;8;CANYA GULFSTREAM;95
784;2024-11-03;02:06;northam;R3;9;ASTRAL FUN;
785;2024-11-03;02:06;northam;R3;10;JUBILEE KEEPING;
786;2024-11-03;02:24;northam;R4;1;SIVO KEEPING;100
787;2024-11-03;02:24;northam;R4;2;KINGSBRAE EXTRA;86
788;2024-11-03;02:24;northam;R4;3;POPPY TAHLEIA;93
789;2024-11-03;02:24;northam;R4;4;VICTIM OF DESIRE;87
790;2024-11-03;02:24;northam;R4;5;WIZARD'S NERO;88
791;2024-11-03;02:24;northam;R4;6;BLACK TRINITY;76
792;2024-11-03;02:24;northam;R4;7;SARABI SINCLAIR;87
793;2024-11-03;02:24;northam;R4;8;RIPPLE RHYTHM;84
794;2024-11-03;02:24;northam;R4;9;TAPIS MAGIQUE;
795;2024-11-03;02:24;northam;R4;10;SIMPLY BEAT THAT;
796;2024-11-03;02:49;northam;R5;1;TURBO CHARGE;79
797;2024-11-03;02:49;northam;R5;2;GIGI ALICE;76
798;2024-11-03;02:49;northam;R5;3;OHANA PAIGE;73
799;2024-11-03;02:49;northam;R5;4;CLAIRE KEEPING;70
800;2024-11-03;02:49;northam;R5;5;WINNIE'S WISDOM;83
801;2024-11-03;02:49;northam;R5;6;SURE AS BROTHER;66
802;2024-11-03;02:49;northam;R5;7;MARKOV;88
803;2024-11-03;02:49;northam;R5;8;HEAD NOISE;100
804;2024-11-03;03:12;northam;R6;1;MOMENT FOR LIFE;95
805;2024-11-03;03:12;northam;R6;2;BEER THANKS;100
806;2024-11-03;03:12;northam;R6;3;LIL MIKI BREEZE;94
807;2024-11-03;03:12;northam;R6;4;SUN DRIFTER;91
808;2024-11-03;03:12;northam;R6;5;ALL ABOUT QUARTZ;94
809;2024-11-03;03:12;northam;R6;6;POWER FORWARD;95
810;2024-11-03;03:12;northam;R6;7;ABBY KEEPING;86
811;2024-11-03;03:12;northam;R6;8;ROYAL FUN;92
812;2024-11-03;03:12;northam;R6;9;WAHOO MONELLI;
813;2024-11-03;03:12;northam;R6;10;SHAKE THE DREAM;
814;2024-11-03;03:31;northam;R7;1;STORM ALERT;100
815;2024-11-03;03:31;northam;R7;2;WISE MOVE;92
816;2024-11-03;03:31;northam;R7;3;VACANT BOX;
817;2024-11-03;03:31;northam;R7;4;AZUERO;91
818;2024-11-03;03:31;northam;R7;5;WISE KOONAC;89
819;2024-11-03;03:31;northam;R7;6;VACANT BOX;
820;2024-11-03;03:31;northam;R7;7;SHE'S ALL RIGHT;80
821;2024-11-03;03:31;northam;R7;8;VENETIAN;91
822;2024-11-03;03:50;northam;R8;1;SMIRCH BIRCH;100
823;2024-11-03;03:50;northam;R8;2;PAD UP OWEN;94
824;2024-11-03;03:50;northam;R8;3;ROGUE RUNNER;96
825;2024-11-03;03:50;northam;R8;4;EL SALVADOR;94
826;2024-11-03;03:50;northam;R8;5;FLYING GOLDWING;95
827;2024-11-03;03:50;northam;R8;6;ALL ABOUT SLATE;97
828;2024-11-03;03:50;northam;R8;7;DAZZLING STAR;86
829;2024-11-03;03:50;northam;R8;8;SON OF FRANKIE;99
830;2024-11-03;03:50;northam;R8;9;SUPER PUMPED;
831;2024-11-03;03:50;northam;R8;10;EARLY WORM;
832;2024-11-03;04:08;northam;R9;1;SAGANAKI KID;95
833;2024-11-03;04:08;northam;R9;2;MAXWELL SMART;94
834;2024-11-03;04:08;northam;R9;3;TRUNKEY JENNINGS;92
835;2024-11-03;04:08;northam;R9;4;ALL ABOUT MARBLE;73
836;2024-11-03;04:08;northam;R9;5;BECAUSE OF YOU;77
837;2024-11-03;04:08;northam;R9;6;BUSTER MOON;67
838;2024-11-03;04:08;northam;R9;7;FRANTIC PHYLLIS;100
839;2024-11-03;04:08;northam;R9;8;PRIME MARTINI;70
840;2024-11-03;04:27;northam;R10;1;EVIE MALT;97
841;2024-11-03;04:27;northam;R10;2;TICK TICK TICK;98
842;2024-11-03;04:27;northam;R10;3;FULL ON FRANKIE;87
843;2024-11-03;04:27;northam;R10;4;KENNY KEEPING;84
844;2024-11-03;04:27;northam;R10;5;QUID BROTHER;100
845;2024-11-03;04:27;northam;R10;6;FERRERO FLYER;96
846;2024-11-03;04:27;northam;R10;7;CHEDDAR MONELLI;95
847;2024-11-03;04:27;northam;R10;8;BAZINGA BOY;
848;2024-11-03;04:27;northam;R10;9;MOONRAKER MISS;95
849;2024-11-03;04:27;northam;R10;10;BEST RED MACHINE;
850;2024-11-03;04:49;northam;R11;1;DISTRIBUTION;96
851;2024-11-03;04:49;northam;R11;2;SHIMA DREAM;98
852;2024-11-03;04:49;northam;R11;3;STARLIGHT ARIEL;92
853;2024-11-03;04:49;northam;R11;4;CANYA HYPERSONIC;70
854;2024-11-03;04:49;northam;R11;5;VACANT BOX;
855;2024-11-03;04:49;northam;R11;6;TRUNKEY MAY;85
856;2024-11-03;04:49;northam;R11;7;KINGSHOTT;100
857;2024-11-03;04:49;northam;R11;8;OUTLAW MCGRAW;88
858;2024-11-03;05:07;northam;R12;1;TRUNKEY REBEL;100
859;2024-11-03;05:07;northam;R12;2;ZONE DEFENSE;93
860;2024-11-03;05:07;northam;R12;3;LIBERTY POP;95
861;2024-11-03;05:07;northam;R12;4;COMMANDER MACK;85
862;2024-11-03;05:07;northam;R12;5;ASH THE FLASH;88
863;2024-11-03;05:07;northam;R12;6;TOUCH OF TOMMY;98
864;2024-11-03;05:07;northam;R12;7;CANDLELIGHT JAZZ;90
865;2024-11-03;05:07;northam;R12;8;BIG GIRL KIKI;87
866;2024-11-03;05:07;northam;R12;9;ESSENTIAL CHOICE;
867;2024-11-03;05:07;northam;R12;10;SIMPLICITY;
868;2024-11-03;04:24;nowra;R1;1;WALKAWAY CURLY;92
869;2024-11-03;04:24;nowra;R1;2;CORLESS A LEADER;82
870;2024-11-03;04:24;nowra;R1;3;ELITE CHARLM;100
871;2024-11-03;04:24;nowra;R1;4;WHITE SECRET;82
872;2024-11-03;04:24;nowra;R1;5;BARACK EXPRESS;86
873;2024-11-03;04:24;nowra;R1;6;LITTLE MOON;78
874;2024-11-03;04:24;nowra;R1;7;ASTON HALSEY;87
875;2024-11-03;04:24;nowra;R1;8;ALACRITY BELLE;89
876;2024-11-03;04:24;nowra;R1;9;PREDICAMENT;
877;2024-11-03;04:24;nowra;R1;10;ASHLEY'S ANGEL;
878;2024-11-03;04:46;nowra;R2;1;ALACRITY RILED;85
879;2024-11-03;04:46;nowra;R2;2;IMPRESS SUGAR;
880;2024-11-03;04:46;nowra;R2;3;ADDIE MAC;95
881;2024-11-03;04:46;nowra;R2;4;RILLA DREAM;86
882;2024-11-03;04:46;nowra;R2;5;SKEDADDLE NIKKI;100
883;2024-11-03;04:46;nowra;R2;6;SHE'S SO JOSIE;89
884;2024-11-03;04:46;nowra;R2;7;BLAZING MAX;92
885;2024-11-03;04:46;nowra;R2;8;BLACK TIARA;85
886;2024-11-03;04:46;nowra;R2;9;QUEEN CHARLM;97
887;2024-11-03;04:46;nowra;R2;10;RAGING RONALD;
888;2024-11-03;05:04;nowra;R3;1;OSTI EMPIRE;100
889;2024-11-03;05:04;nowra;R3;2;TRUE CHARLM;80
890;2024-11-03;05:04;nowra;R3;3;SOUL OPTIC;75
891;2024-11-03;05:04;nowra;R3;4;BEATS PER MINUTE;91
892;2024-11-03;05:04;nowra;R3;5;VACANT BOX;
893;2024-11-03;05:04;nowra;R3;6;TRIXIE MAHACK;92
894;2024-11-03;05:04;nowra;R3;7;EVERYONE'S ANGEL;78
895;2024-11-03;05:04;nowra;R3;8;CATCH MY TURKEY;69
896;2024-11-03;05:29;nowra;R4;1;WIDE LENS;86
897;2024-11-03;05:29;nowra;R4;2;ROCKSTAR GHAN;81
898;2024-11-03;05:29;nowra;R4;3;SECRET GETAWAY;80
899;2024-11-03;05:29;nowra;R4;4;CLASSIC KID;94
900;2024-11-03;05:29;nowra;R4;5;VACANT BOX;
901;2024-11-03;05:29;nowra;R4;6;STAN'S DREAM;100
902;2024-11-03;05:29;nowra;R4;7;SUPER SMOKEY;
903;2024-11-03;05:29;nowra;R4;8;FOREVER OSTI;87
904;2024-11-03;05:51;nowra;R5;1;PEPPER KADE;89
905;2024-11-03;05:51;nowra;R5;2;LOONGANA PRINCE;87
906;2024-11-03;05:51;nowra;R5;3;ARIA'S DREAM;95
907;2024-11-03;05:51;nowra;R5;4;CUMBRIA PETE;94
908;2024-11-03;05:51;nowra;R5;5;NICKO QUEEN;88
909;2024-11-03;05:51;nowra;R5;6;TELLING;100
910;2024-11-03;05:51;nowra;R5;7;CUMBRIA RICH;81
911;2024-11-03;05:51;nowra;R5;8;SHADES OF ROSE;87
912;2024-11-03;05:51;nowra;R5;9;CUMBRIA MEG;
913;2024-11-03;05:51;nowra;R5;10;SHAWSHANK RED;
914;2024-11-03;06:09;nowra;R6;1;OH SO CLASSY;95
915;2024-11-03;06:09;nowra;R6;2;CATCH A COBRA;100
916;2024-11-03;06:09;nowra;R6;3;NICKO JACK;96
917;2024-11-03;06:09;nowra;R6;4;CLYDE PRINCE;
918;2024-11-03;06:09;nowra;R6;5;VACANT BOX;
919;2024-11-03;06:09;nowra;R6;6;CORLESS INSANE;97
920;2024-11-03;06:09;nowra;R6;7;ZIPPING NEYMAR;91
921;2024-11-03;06:09;nowra;R6;8;ROCKSTAR ATONIA;87
922;2024-11-03;06:31;nowra;R7;1;OSTI DYNASTY;96
923;2024-11-03;06:31;nowra;R7;2;ROCKSTAR MAGLEV;84
924;2024-11-03;06:31;nowra;R7;3;VACANT BOX;
925;2024-11-03;06:31;nowra;R7;4;REECE UNLEASHED;100
926;2024-11-03;06:31;nowra;R7;5;FLYING AUSSIE;77
927;2024-11-03;06:31;nowra;R7;6;VACANT BOX;
928;2024-11-03;06:31;nowra;R7;7;ASHBY CHAI;90
929;2024-11-03;06:31;nowra;R7;8;MY LUCY ROSE;82
930;2024-11-03;06:49;nowra;R8;1;POP'S STAR;94
931;2024-11-03;06:49;nowra;R8;2;TAKAHI AUSSIE;100
932;2024-11-03;06:49;nowra;R8;3;VACANT BOX;
933;2024-11-03;06:49;nowra;R8;4;GREAT RATE;86
934;2024-11-03;06:49;nowra;R8;5;GIGGLES;94
935;2024-11-03;06:49;nowra;R8;6;VACANT BOX;
936;2024-11-03;06:49;nowra;R8;7;GOOD AS GONE;76
937;2024-11-03;06:49;nowra;R8;8;ADARAH DISGUISE;
938;2024-11-03;07:11;nowra;R9;1;SCOTCH EXPRESS;100
939;2024-11-03;07:11;nowra;R9;2;JUST STOP IT;87
940;2024-11-03;07:11;nowra;R9;3;TRIPS AND CARS;96
941;2024-11-03;07:11;nowra;R9;4;VALENTINO ROSE;84
942;2024-11-03;07:11;nowra;R9;5;BARDET BILL;92
943;2024-11-03;07:11;nowra;R9;6;JACK'S WISH;74
944;2024-11-03;07:11;nowra;R9;7;MERCURIAL HIGH;89
945;2024-11-03;07:11;nowra;R9;8;ALBATROSS MARCH;78
946;2024-11-03;07:29;nowra;R10;1;CORLESS A SAILOR;94
947;2024-11-03;07:29;nowra;R10;2;RECEPTION;
948;2024-11-03;07:29;nowra;R10;3;LUNA SOL;82
949;2024-11-03;07:29;nowra;R10;4;ASTON SEGER;84
950;2024-11-03;07:29;nowra;R10;5;ROSES RING;89
951;2024-11-03;07:29;nowra;R10;6;ZIP ZIPPITY ZIP;76
952;2024-11-03;07:29;nowra;R10;7;SKEDADDLE LOUISE;100
953;2024-11-03;07:29;nowra;R10;8;COFFEE AND CREAM;87
954;2024-11-03;07:52;nowra;R11;1;ORSON JIMMY;
955;2024-11-03;07:52;nowra;R11;2;MAGIC MILO;90
956;2024-11-03;07:52;nowra;R11;3;BANG YOUR BUCKET;82
957;2024-11-03;07:52;nowra;R11;4;ANOTHER SIAM;85
958;2024-11-03;07:52;nowra;R11;5;CASH GETAWAY;
959;2024-11-03;07:52;nowra;R11;6;SKEDADDLE MAPLE;94
960;2024-11-03;07:52;nowra;R11;7;CUMBRIA TESS;93
961;2024-11-03;07:52;nowra;R11;8;ASTON CLICQUOT;100
962;2024-11-03;08:15;nowra;R12;1;PAUA OF ABBY;89
963;2024-11-03;08:15;nowra;R12;2;SKEDADDLE LUCY;81
964;2024-11-03;08:15;nowra;R12;3;VACANT BOX;
965;2024-11-03;08:15;nowra;R12;4;COCO MODEL;100
966;2024-11-03;08:15;nowra;R12;5;QUANTIFIABLE;
967;2024-11-03;08:15;nowra;R12;6;VACANT BOX;
968;2024-11-03;08:15;nowra;R12;7;CUMBRIA MAL;80
969;2024-11-03;08:15;nowra;R12;8;CUMBRIA DAYS;
970;2024-11-03;04:52;the-meadows;R1;1;KIWI KENJI;100
971;2024-11-03;04:52;the-meadows;R1;2;KIWI JAY;93
972;2024-11-03;04:52;the-meadows;R1;3;CHEEKY DEED;90
973;2024-11-03;04:52;the-meadows;R1;4;TINKER BRUCE;90
974;2024-11-03;04:52;the-meadows;R1;5;HIGHLY CONNECTED;97
975;2024-11-03;04:52;the-meadows;R1;6;KIWI HARRY;98
976;2024-11-03;04:52;the-meadows;R1;7;PAW BARTON;98
977;2024-11-03;04:52;the-meadows;R1;8;LET'S GO OUT;94
978;2024-11-03;04:52;the-meadows;R1;9;KIWI ICE CUBE;
979;2024-11-03;04:52;the-meadows;R1;10;PAW CRAFTER;
980;2024-11-03;05:10;the-meadows;R2;1;TINKER LEE;97
981;2024-11-03;05:10;the-meadows;R2;2;TAPPET;93
982;2024-11-03;05:10;the-meadows;R2;3;COCONUT CARTER;100
983;2024-11-03;05:10;the-meadows;R2;4;EXTINCT;87
984;2024-11-03;05:10;the-meadows;R2;5;PAW GORDY;95
985;2024-11-03;05:10;the-meadows;R2;6;SPEEDY RICCARDO;93
986;2024-11-03;05:10;the-meadows;R2;7;IVORY NARWHAL;93
987;2024-11-03;05:10;the-meadows;R2;8;PAW ULTRA;100
988;2024-11-03;05:10;the-meadows;R2;9;PAW HELION;
989;2024-11-03;05:10;the-meadows;R2;10;PAW HARRIS;
990;2024-11-03;05:32;the-meadows;R3;1;DENISON FRISBY;86
991;2024-11-03;05:32;the-meadows;R3;2;VOSS ALI;81
992;2024-11-03;05:32;the-meadows;R3;3;SHADOWS OF BLUE;88
993;2024-11-03;05:32;the-meadows;R3;4;MEPUNGA SMOKEY;96
994;2024-11-03;05:32;the-meadows;R3;5;VACANT BOX;
995;2024-11-03;05:32;the-meadows;R3;6;LANFRANCO;74
996;2024-11-03;05:32;the-meadows;R3;7;ETHANOL VOLUME;100
997;2024-11-03;05:32;the-meadows;R3;8;WERRIS BALE;84
998;2024-11-03;05:54;the-meadows;R4;1;WILLA BALE;95
999;2024-11-03;05:54;the-meadows;R4;2;RAVEN PETER;86
1000;2024-11-03;05:54;the-meadows;R4;3;DEDALUS DIGGLE;70
1001;2024-11-03;05:54;the-meadows;R4;4;FLASH BOOM BANG;93
1002;2024-11-03;05:54;the-meadows;R4;5;VACANT BOX;
1003;2024-11-03;05:54;the-meadows;R4;6;ALPHA ZULU;100
1004;2024-11-03;05:54;the-meadows;R4;7;MISTER EASY;89
1005;2024-11-03;05:54;the-meadows;R4;8;MEPUNGA SURPRISE;94
1006;2024-11-03;06:12;the-meadows;R5;1;IRMA PINCE;81
1007;2024-11-03;06:12;the-meadows;R5;2;WREN BALE;79
1008;2024-11-03;06:12;the-meadows;R5;3;RAIDER'S GUIDE;100
1009;2024-11-03;06:12;the-meadows;R5;4;LASSARD;88
1010;2024-11-03;06:12;the-meadows;R5;5;VACANT BOX;
1011;2024-11-03;06:12;the-meadows;R5;6;PASS MARK;90
1012;2024-11-03;06:12;the-meadows;R5;7;KING OWEN;91
1013;2024-11-03;06:12;the-meadows;R5;8;SUCCEED;91
1014;2024-11-03;06:34;the-meadows;R6;1;PAW YASMIN;90
1015;2024-11-03;06:34;the-meadows;R6;2;BEZZECCHI;100
1016;2024-11-03;06:34;the-meadows;R6;3;ZIPPING KAI;90
1017;2024-11-03;06:34;the-meadows;R6;4;FINNISS JEWEL;83
1018;2024-11-03;06:34;the-meadows;R6;5;IRON ATLAS;90
1019;2024-11-03;06:34;the-meadows;R6;6;FRED ROSE;94
1020;2024-11-03;06:34;the-meadows;R6;7;REITERATE;86
1021;2024-11-03;06:34;the-meadows;R6;8;INTREPID BALE;77
1022;2024-11-03;06:52;the-meadows;R7;1;FERNANDO DUKE;86
1023;2024-11-03;06:52;the-meadows;R7;2;BUDDY MONELLI;96
1024;2024-11-03;06:52;the-meadows;R7;3;GROOVEBIRD;87
1025;2024-11-03;06:52;the-meadows;R7;4;CANYA ALL CLASS;
1026;2024-11-03;06:52;the-meadows;R7;5;COLAC KID;100
1027;2024-11-03;06:52;the-meadows;R7;6;PAW LOU LOU;81
1028;2024-11-03;06:52;the-meadows;R7;7;WEST STAR;85
1029;2024-11-03;06:52;the-meadows;R7;8;MULTI MATT;69
1030;2024-11-03;07:14;the-meadows;R8;1;GRAND TOURER;100
1031;2024-11-03;07:14;the-meadows;R8;2;MORTON;96
1032;2024-11-03;07:14;the-meadows;R8;3;TOMMY TEQUILA;78
1033;2024-11-03;07:14;the-meadows;R8;4;KINGSLEY BALE;85
1034;2024-11-03;07:14;the-meadows;R8;5;HECTOR FAWLEY;94
1035;2024-11-03;07:14;the-meadows;R8;6;SHIMA CURRENT;86
1036;2024-11-03;07:14;the-meadows;R8;7;VINCENT BALE;91
1037;2024-11-03;07:14;the-meadows;R8;8;TIM ZOO;95
1038;2024-11-03;07:14;the-meadows;R8;9;LAKEVIEW EMILY;
1039;2024-11-03;07:14;the-meadows;R8;10;UTRILLO BALE;
1040;2024-11-03;07:32;the-meadows;R9;1;LIVEABLE;90
1041;2024-11-03;07:32;the-meadows;R9;2;ZIPPING GRANDE;90
1042;2024-11-03;07:32;the-meadows;R9;3;VACANT BOX;
1043;2024-11-03;07:32;the-meadows;R9;4;PAYBACK;89
1044;2024-11-03;07:32;the-meadows;R9;5;CANYA AMY;100
1045;2024-11-03;07:32;the-meadows;R9;6;VACANT BOX;
1046;2024-11-03;07:32;the-meadows;R9;7;GALACTIC SPARTAN;
1047;2024-11-03;07:32;the-meadows;R9;8;SHAKE AND BAKE;91
1048;2024-11-03;07:55;the-meadows;R10;1;PAW PETROV;100
1049;2024-11-03;07:55;the-meadows;R10;2;SILKY SAUCE;96
1050;2024-11-03;07:55;the-meadows;R10;3;URANA JASMINE;81
1051;2024-11-03;07:55;the-meadows;R10;4;SCHILLACI;92
1052;2024-11-03;07:55;the-meadows;R10;5;ERZA SCARLET;87
1053;2024-11-03;07:55;the-meadows;R10;6;PAW WHISTLER;93
1054;2024-11-03;07:55;the-meadows;R10;7;ASTON COSTELLO;88
1055;2024-11-03;07:55;the-meadows;R10;8;CANYA JIVE;90
1056;2024-11-03;07:55;the-meadows;R10;9;LITTLE PEG;
1057;2024-11-03;08:18;the-meadows;R11;1;SHANLYN SCOUT;100
1058;2024-11-03;08:18;the-meadows;R11;2;PAW QWAN;96
1059;2024-11-03;08:18;the-meadows;R11;3;PIRATE KINGSLEY;82
1060;2024-11-03;08:18;the-meadows;R11;4;WHITE OWL;93
1061;2024-11-03;08:18;the-meadows;R11;5;SHAYNA BALE;89
1062;2024-11-03;08:18;the-meadows;R11;6;BOMB LUCA;89
1063;2024-11-03;08:18;the-meadows;R11;7;HOT ASHES;98
1064;2024-11-03;08:18;the-meadows;R11;8;PAW ZELINI;96
1065;2024-11-03;08:18;the-meadows;R11;9;PAW PHELPS;
1066;2024-11-03;08:18;the-meadows;R11;10;PALDRON BALE;
1067;2024-11-03;08:33;the-meadows;R12;1;BOURKE;96
1068;2024-11-03;08:33;the-meadows;R12;2;FALLON BALE;92
1069;2024-11-03;08:33;the-meadows;R12;3;VARSITY BALE;91
1070;2024-11-03;08:33;the-meadows;R12;4;PAW DIMETRA;88
1071;2024-11-03;08:33;the-meadows;R12;5;KNOCKOUT NORM;90
1072;2024-11-03;08:33;the-meadows;R12;6;WILD SERENA;90
1073;2024-11-03;08:33;the-meadows;R12;7;ASTON OPHELIA;92
1074;2024-11-03;08:33;the-meadows;R12;8;BEAUTIFUL STORY;100
1075;2024-11-03;08:33;the-meadows;R12;9;PAW PHELPS;
1076;2024-11-03;08:33;the-meadows;R12;10;LITTLE PEG;
1077;2024-11-03;22:47;wagga;R1;1;ASTON SOCIAL;100
1078;2024-11-03;22:47;wagga;R1;2;TIGGERLONG ROY;87
1079;2024-11-03;22:47;wagga;R1;3;VACANT BOX;
1080;2024-11-03;22:47;wagga;R1;4;BIANCA'S SECRET;93
1081;2024-11-03;22:47;wagga;R1;5;WHAT'S THAT PAL;
1082;2024-11-03;22:47;wagga;R1;6;VACANT BOX;
1083;2024-11-03;22:47;wagga;R1;7;SHA'CARRI;97
1084;2024-11-03;22:47;wagga;R1;8;IOMMI;95
1085;2024-11-03;23:04;wagga;R2;1;LONE CHIME;85
1086;2024-11-03;23:04;wagga;R2;2;SATRIANI;97
1087;2024-11-03;23:04;wagga;R2;3;SLICK OLIVE;100
1088;2024-11-03;23:04;wagga;R2;4;TITAN'S OCEAN;97
1089;2024-11-03;23:04;wagga;R2;5;VACANT BOX;
1090;2024-11-03;23:04;wagga;R2;6;ASTON CREOLE;
1091;2024-11-03;23:04;wagga;R2;7;MALMSTEEN;97
1092;2024-11-03;23:04;wagga;R2;8;TIGGERLONG LUKA;94
1093;2024-11-03;23:22;wagga;R3;1;ASTON AWARD;92
1094;2024-11-03;23:22;wagga;R3;2;LONE MAVERICK;80
1095;2024-11-03;23:22;wagga;R3;3;ASTON CLOONEY;
1096;2024-11-03;23:22;wagga;R3;4;SYCAMORE DARNELL;84
1097;2024-11-03;23:22;wagga;R3;5;BITTER DAN;97
1098;2024-11-03;23:22;wagga;R3;6;DUCK THE CHAOS;85
1099;2024-11-03;23:22;wagga;R3;7;APPLE PIE;87
1100;2024-11-03;23:22;wagga;R3;8;LONE SHARK;100
1101;2024-11-03;23:47;wagga;R4;1;XARN BALE;87
1102;2024-11-03;23:47;wagga;R4;2;ASTON VALERIA;99
1103;2024-11-03;23:47;wagga;R4;3;OUR COUNTRY BOY;92
1104;2024-11-03;23:47;wagga;R4;4;IMPRESS ROUSEY;93
1105;2024-11-03;23:47;wagga;R4;5;UTAMI BALE;92
1106;2024-11-03;23:47;wagga;R4;6;AFFORDABILITY;92
1107;2024-11-03;23:47;wagga;R4;7;WINPARA GEM;88
1108;2024-11-03;23:47;wagga;R4;8;SILVERTREE LANA;100
1109;2024-11-03;23:47;wagga;R4;9;JANELLE BALE;
1110;2024-11-03;00:07;wagga;R5;1;MILTON'S SISTER;
1111;2024-11-03;00:07;wagga;R5;2;HOW FAST;98
1112;2024-11-03;00:07;wagga;R5;3;BREAD;
1113;2024-11-03;00:07;wagga;R5;4;MANILA QUEEN;84
1114;2024-11-03;00:07;wagga;R5;5;VACANT BOX;
1115;2024-11-03;00:07;wagga;R5;6;ASTON GLEAM;96
1116;2024-11-03;00:07;wagga;R5;7;SCOTT CRUSH;99
1117;2024-11-03;00:07;wagga;R5;8;BOOM BAM POPPY;100
1118;2024-11-03;00:22;wagga;R6;1;BEVAN BALE;95
1119;2024-11-03;00:22;wagga;R6;2;WHERE'S FLORENCE;70
1120;2024-11-03;00:22;wagga;R6;3;JACOBITE FARM;85
1121;2024-11-03;00:22;wagga;R6;4;SNEAKY RETREAT;95
1122;2024-11-03;00:22;wagga;R6;5;CHASIN' OPIE;90
1123;2024-11-03;00:22;wagga;R6;6;TOM YUM;95
1124;2024-11-03;00:22;wagga;R6;7;HERA;100
1125;2024-11-03;00:22;wagga;R6;8;LENA'S BABY;85
1126;2024-11-03;00:40;wagga;R7;1;SO DELIRIOUS;92
1127;2024-11-03;00:40;wagga;R7;2;TRICKY RIDDLES;89
1128;2024-11-03;00:40;wagga;R7;3;TIGGERLONG GILL;100
1129;2024-11-03;00:40;wagga;R7;4;TRICKY VISION;85
1130;2024-11-03;00:40;wagga;R7;5;VACANT BOX;
1131;2024-11-03;00:40;wagga;R7;6;WHAT A DOLL;81
1132;2024-11-03;00:40;wagga;R7;7;ASTON ELENA;88
1133;2024-11-03;00:40;wagga;R7;8;ASTON BOLIVAR;94
1134;2024-11-03;00:57;wagga;R8;1;OSCAR SAMUEL;92
1135;2024-11-03;00:57;wagga;R8;2;BLACK JAFFA;91
1136;2024-11-03;00:57;wagga;R8;3;SANDY BALE;100
1137;2024-11-03;00:57;wagga;R8;4;CAPTAIN DEMI;92
1138;2024-11-03;00:57;wagga;R8;5;SAIKO;87
1139;2024-11-03;00:57;wagga;R8;6;STAGGER'S STAR;90
1140;2024-11-03;00:57;wagga;R8;7;TIPPER UP;97
1141;2024-11-03;00:57;wagga;R8;8;VITNELL BALE;96
1142;2024-11-03;00:57;wagga;R8;9;JANELLE BALE;
1143;2024-11-03;01:17;wagga;R9;1;GO JO JO;94
1144;2024-11-03;01:17;wagga;R9;2;SILVERTREE AMY;100
1145;2024-11-03;01:17;wagga;R9;3;TIGER BELL;94
1146;2024-11-03;01:17;wagga;R9;4;SILVERTREE POP;90
1147;2024-11-03;01:17;wagga;R9;5;OSCAR FAITH;97
1148;2024-11-03;01:17;wagga;R9;6;TRENT CRIMM;96
1149;2024-11-03;01:17;wagga;R9;7;JERRAWA GODDESS;84
1150;2024-11-03;01:17;wagga;R9;8;JACOBITE POWER;98
1151;2024-11-03;01:17;wagga;R9;9;JANELLE BALE;
1152;2024-11-03;01:41;wagga;R10;1;OLIVE BALE;76
1153;2024-11-03;01:41;wagga;R10;2;MY BOY ROCKIN';74
1154;2024-11-03;01:41;wagga;R10;3;BAM BAM BETTY;74
1155;2024-11-03;01:41;wagga;R10;4;GRETEL BALE;87
1156;2024-11-03;01:41;wagga;R10;5;VACANT BOX;
1157;2024-11-03;01:41;wagga;R10;6;BLACKJACK ELLA;69
1158;2024-11-03;01:41;wagga;R10;7;RUSTY KINGSWOOD;71
1159;2024-11-03;01:41;wagga;R10;8;TRY CATCH UP;100
1160;2024-11-03;01:34;warragul;R1;1;MISS BRONX;98
1161;2024-11-03;01:34;warragul;R1;2;HUNTING GIRL;
1162;2024-11-03;01:34;warragul;R1;3;MISSY MOOLA;95
1163;2024-11-03;01:34;warragul;R1;4;CRYSTALIZE;97
1164;2024-11-03;01:34;warragul;R1;5;URANA JAM DONUT;96
1165;2024-11-03;01:34;warragul;R1;6;WHATEVER GEORGE;99
1166;2024-11-03;01:34;warragul;R1;7;WILD ZAG;100
1167;2024-11-03;01:34;warragul;R1;8;SMOOTH PRINCE;92
1168;2024-11-03;01:34;warragul;R1;9;NITRO MOSES;91
1169;2024-11-03;01:34;warragul;R1;10;MINH BRONCO;
1170;2024-11-03;01:59;warragul;R2;1;HEYFIELD HONEY;95
1171;2024-11-03;01:59;warragul;R2;2;SUPER SPEED;75
1172;2024-11-03;01:59;warragul;R2;3;THAT'S MY COUSIN;92
1173;2024-11-03;01:59;warragul;R2;4;FEROCIOUS QUEEN;81
1174;2024-11-03;01:59;warragul;R2;5;OUR BOY SHANNON;95
1175;2024-11-03;01:59;warragul;R2;6;PAW LILIBET;82
1176;2024-11-03;01:59;warragul;R2;7;PETITE BEAST;77
1177;2024-11-03;01:59;warragul;R2;8;WINTER GOES;100
1178;2024-11-03;01:59;warragul;R2;9;PROMISES TO BE;
1179;2024-11-03;01:59;warragul;R2;10;BABY GIRL PEARL;
1180;2024-11-03;02:14;warragul;R3;1;HELL RAIDER;
1181;2024-11-03;02:14;warragul;R3;2;ASTON AMISHA;98
1182;2024-11-03;02:14;warragul;R3;3;RING A HOUDINI;89
1183;2024-11-03;02:14;warragul;R3;4;REDEEM HER;85
1184;2024-11-03;02:14;warragul;R3;5;AXEL'S RADAR;87
1185;2024-11-03;02:14;warragul;R3;6;ASTON PERK;100
1186;2024-11-03;02:14;warragul;R3;7;UNINVITING;93
1187;2024-11-03;02:14;warragul;R3;8;SHE'S EXTREME;
1188;2024-11-03;02:14;warragul;R3;9;LOUD LOUIE;92
1189;2024-11-03;02:34;warragul;R4;1;WATCHING OVER;85
1190;2024-11-03;02:34;warragul;R4;2;CHIRP THIRD;93
1191;2024-11-03;02:34;warragul;R4;3;PAW FLASH;94
1192;2024-11-03;02:34;warragul;R4;4;INFRA ROCK;100
1193;2024-11-03;02:34;warragul;R4;5;VACANT BOX;
1194;2024-11-03;02:34;warragul;R4;6;CRAFTY BEER;92
1195;2024-11-03;02:34;warragul;R4;7;CANYA VIVI;94
1196;2024-11-03;02:34;warragul;R4;8;JEREMY SPOKE;98
1197;2024-11-03;02:57;warragul;R5;1;HARRY THE HOOD;
1198;2024-11-03;02:57;warragul;R5;2;MIGHTY HERCULES;66
1199;2024-11-03;02:57;warragul;R5;3;DEWANA PAYOUT;71
1200;2024-11-03;02:57;warragul;R5;4;GREMLIN;79
1201;2024-11-03;02:57;warragul;R5;5;URANA MUFFIN;70
1202;2024-11-03;02:57;warragul;R5;6;ACE OF PACE;81
1203;2024-11-03;02:57;warragul;R5;7;DEWANA FERNANDO;
1204;2024-11-03;02:57;warragul;R5;8;PASS THE BUCK;100
1205;2024-11-03;02:57;warragul;R5;9;BANKRUPT;66
1206;2024-11-03;02:57;warragul;R5;10;SIN CITY MARV;74
1207;2024-11-03;03:22;warragul;R6;1;CHESTER CAMPBELL;91
1208;2024-11-03;03:22;warragul;R6;2;DARNUM FOX;86
1209;2024-11-03;03:22;warragul;R6;3;DESTINI PALADIN;94
1210;2024-11-03;03:22;warragul;R6;4;WASHINGTON BLUE;88
1211;2024-11-03;03:22;warragul;R6;5;EL CRIMP ADORE;88
1212;2024-11-03;03:22;warragul;R6;6;XOEL BALE;87
1213;2024-11-03;03:22;warragul;R6;7;AEROPLANE MODE;100
1214;2024-11-03;03:22;warragul;R6;8;CANYA EXCEED;88
1215;2024-11-03;03:22;warragul;R6;9;SPRING REGENCY;
1216;2024-11-03;03:22;warragul;R6;10;PLAYBACK;
1217;2024-11-03;03:37;warragul;R7;1;SODA APACHE;92
1218;2024-11-03;03:37;warragul;R7;2;HARTNEY;94
1219;2024-11-03;03:37;warragul;R7;3;NEED YOU NOW;85
1220;2024-11-03;03:37;warragul;R7;4;ASTRONOMICA;89
1221;2024-11-03;03:37;warragul;R7;5;PLAY THE VICTIM;91
1222;2024-11-03;03:37;warragul;R7;6;SHEEZEL;100
1223;2024-11-03;03:37;warragul;R7;7;JAG FERNANDO;79
1224;2024-11-03;03:37;warragul;R7;8;PAW LEON;91
1225;2024-11-03;03:37;warragul;R7;9;SPRING REGENCY;
1226;2024-11-03;03:37;warragul;R7;10;ACACIA ROCKET;
1227;2024-11-03;04:02;warragul;R8;1;BLUE FALCON;95
1228;2024-11-03;04:02;warragul;R8;2;WANDANA LAD;92
1229;2024-11-03;04:02;warragul;R8;3;DISHY DI;92
1230;2024-11-03;04:02;warragul;R8;4;SPRING COIN;100
1231;2024-11-03;04:02;warragul;R8;5;FILL YOUR BOOTS;97
1232;2024-11-03;04:02;warragul;R8;6;CALIMO;98
1233;2024-11-03;04:02;warragul;R8;7;SAILPLANE;91
1234;2024-11-03;04:02;warragul;R8;8;PAW REX;91
1235;2024-11-03;04:02;warragul;R8;9;PLAYBACK;
1236;2024-11-03;04:02;warragul;R8;10;BANKRUPT;
1237;2024-11-03;04:18;warragul;R9;1;LET'S WIN OLLIE;93
1238;2024-11-03;04:18;warragul;R9;2;ART THE CLOWN;85
1239;2024-11-03;04:18;warragul;R9;3;BETTER BANJO;90
1240;2024-11-03;04:18;warragul;R9;4;CELTIC BOUY;81
1241;2024-11-03;04:18;warragul;R9;5;LIGHTNING JEWEL;100
1242;2024-11-03;04:18;warragul;R9;6;BLAME SPENCER;
1243;2024-11-03;04:18;warragul;R9;7;BRING YOUR BEST;88
1244;2024-11-03;04:18;warragul;R9;8;JUNIOR'S MATE;83
1245;2024-11-03;04:36;warragul;R10;1;HOT SCOTCH;94
1246;2024-11-03;04:36;warragul;R10;2;ASTON BAHT;88
1247;2024-11-03;04:36;warragul;R10;3;XATU BALE;100
1248;2024-11-03;04:36;warragul;R10;4;OUR MABEL;82
1249;2024-11-03;04:36;warragul;R10;5;OUR YOGI;94
1250;2024-11-03;04:36;warragul;R10;6;HERE HUGO;95
1251;2024-11-03;04:36;warragul;R10;7;GALLOPING JESSIE;88
1252;2024-11-03;04:36;warragul;R10;8;BLITZ;95
1253;2024-11-03;04:36;warragul;R10;9;ROCK IT QUEEN;
1254;2024-11-03;04:36;warragul;R10;10;FLYING PIE;
1255;2024-11-03;05:01;warragul;R11;1;MISTY AMY;93
1256;2024-11-03;05:01;warragul;R11;2;FREE FALLING;96
1257;2024-11-03;05:01;warragul;R11;3;MAC AND CHEESE;97
1258;2024-11-03;05:01;warragul;R11;4;MINI MILKY;100
1259;2024-11-03;05:01;warragul;R11;5;RADEBE;96
1260;2024-11-03;05:01;warragul;R11;6;SELECT MILLS;93
1261;2024-11-03;05:01;warragul;R11;7;URANA PANDA;96
1262;2024-11-03;05:01;warragul;R11;8;ATHENIAN GODDESS;95
1263;2024-11-03;05:01;warragul;R11;9;DARNUM DESIRE;
1264;2024-11-03;05:01;warragul;R11;10;HARAJUKU LASS;
1265;2024-11-03;05:26;warragul;R12;1;URANA RHINO;99
1266;2024-11-03;05:26;warragul;R12;2;PARIS CALLING;94
1267;2024-11-03;05:26;warragul;R12;3;MIKE'S TIGER;89
1268;2024-11-03;05:26;warragul;R12;4;NO DOORS;91
1269;2024-11-03;05:26;warragul;R12;5;OLYMPIC HISTORY;84
1270;2024-11-03;05:26;warragul;R12;6;SPICY PIPER;89
1271;2024-11-03;05:26;warragul;R12;7;ROSS STREET PETE;100
1272;2024-11-03;05:26;warragul;R12;8;BLACK PISTOL;88
1273;2024-11-03;05:26;warragul;R12;9;GALLOPING SUZIE;
1274;2024-11-03;05:26;warragul;R12;10;FIRE FEATHER;
